,metric,playername,player_counter
0,accel_load_accum,PLAYER_755,477
1,distance_total,PLAYER_755,475
2,accel_load_accum,PLAYER_690,469
3,distance_total,PLAYER_690,463
4,accel_load_accum,PLAYER_1128,457
5,distance_total,PLAYER_1128,455
6,accel_load_accum,PLAYER_741,451
7,distance_total,PLAYER_741,448
8,accel_load_accum,PLAYER_454,439
9,distance_total,PLAYER_454,437
10,accel_load_accum,PLAYER_705,431
11,distance_total,PLAYER_705,425
12,accel_load_accum,PLAYER_262,422
13,distance_total,PLAYER_262,418
14,accel_load_accum,PLAYER_244,415
15,accel_load_accum,PLAYER_1034,414
16,accel_load_accum,PLAYER_470,413
17,distance_total,PLAYER_470,413
18,distance_total,PLAYER_1034,412
19,accel_load_accum,PLAYER_1022,410
20,distance_total,PLAYER_244,410
21,accel_load_accum,PLAYER_342,409
22,accel_load_accum,PLAYER_567,409
23,accel_load_accum,PLAYER_1208,405
24,distance_total,PLAYER_1208,404
25,distance_total,PLAYER_567,404
26,distance_total,PLAYER_1022,403
27,accel_load_accum,PLAYER_1186,400
28,accel_load_accum,PLAYER_093,400
29,accel_load_accum,PLAYER_1055,400
30,accel_load_accum,PLAYER_115,399
31,distance_total,PLAYER_115,399
32,distance_total,PLAYER_342,399
33,accel_load_accum,PLAYER_769,398
34,distance_total,PLAYER_769,397
35,accel_load_accum,PLAYER_230,394
36,distance_total,PLAYER_093,394
37,distance_total,PLAYER_1055,394
38,accel_load_accum,PLAYER_1094,393
39,distance_total,PLAYER_1186,393
40,distance_total,PLAYER_1094,392
41,accel_load_accum,PLAYER_469,387
42,distance_total,PLAYER_469,387
43,distance_total,PLAYER_230,387
44,accel_load_accum,PLAYER_014,384
45,accel_load_accum,PLAYER_562,380
46,distance_total,PLAYER_014,377
47,distance_total,PLAYER_562,376
48,accel_load_accum,PLAYER_023,370
49,distance_total,PLAYER_023,363
50,accel_load_accum,PLAYER_084,353
51,distance_total,PLAYER_084,352
52,accel_load_accum,PLAYER_555,350
53,distance_total,PLAYER_555,344
54,accel_load_accum,PLAYER_1047,343
55,distance_total,PLAYER_1047,338
56,accel_load_accum,PLAYER_021,335
57,accel_load_accum,PLAYER_557,330
58,distance_total,PLAYER_021,328
59,accel_load_accum,PLAYER_888,326
60,distance_total,PLAYER_557,326
61,accel_load_accum,PLAYER_1152,320
62,accel_load_accum,PLAYER_333,319
63,distance_total,PLAYER_1152,319
64,accel_load_accum,PLAYER_1239,318
65,distance_total,PLAYER_333,318
66,distance_total,PLAYER_888,317
67,accel_load_accum,PLAYER_698,316
68,accel_load_accum,PLAYER_489,316
69,distance_total,PLAYER_1239,316
70,accel_load_accum,PLAYER_719,315
71,distance_total,PLAYER_698,315
72,distance_total,PLAYER_719,315
73,accel_load_accum,PLAYER_1139,313
74,distance_total,PLAYER_1139,312
75,accel_load_accum,PLAYER_1079,310
76,accel_load_accum,PLAYER_1126,310
77,distance_total,PLAYER_489,309
78,distance_total,PLAYER_1079,307
79,accel_load_accum,PLAYER_432,306
80,distance_total,PLAYER_432,306
81,accel_load_accum,PLAYER_687,302
82,distance_total,PLAYER_687,302
83,distance_total,PLAYER_1126,300
84,accel_load_accum,PLAYER_137,299
85,distance_total,PLAYER_137,298
86,accel_load_accum,PLAYER_1114,296
87,accel_load_accum,PLAYER_112,296
88,distance_total,PLAYER_112,296
89,distance_total,PLAYER_1114,294
90,accel_load_accum,PLAYER_803,290
91,distance_total,PLAYER_803,288
92,accel_load_accum,PLAYER_988,286
93,accel_load_accum,PLAYER_078,284
94,distance_total,PLAYER_988,284
95,accel_load_accum,PLAYER_610,283
96,distance_total,PLAYER_078,280
97,accel_load_accum,PLAYER_780,279
98,distance_total,PLAYER_780,279
99,accel_load_accum,PLAYER_066,278
100,distance_total,PLAYER_066,277
101,accel_load_accum,PLAYER_297,275
102,distance_total,PLAYER_610,274
103,accel_load_accum,PLAYER_184,272
104,accel_load_accum,PLAYER_910,269
105,distance_total,PLAYER_297,266
106,distance_total,PLAYER_910,265
107,accel_load_accum,PLAYER_617,264
108,distance_total,PLAYER_617,264
109,accel_load_accum,PLAYER_438,263
110,distance_total,PLAYER_184,263
111,accel_load_accum,PLAYER_410,262
112,accel_load_accum,PLAYER_685,262
113,accel_load_accum,PLAYER_902,262
114,distance_total,PLAYER_410,262
115,distance_total,PLAYER_438,262
116,accel_load_accum,PLAYER_088,261
117,distance_total,PLAYER_685,261
118,distance_total,PLAYER_902,261
119,accel_load_accum,PLAYER_944,260
120,distance_total,PLAYER_944,260
121,distance_total,PLAYER_088,259
122,accel_load_accum,PLAYER_296,258
123,distance_total,PLAYER_296,255
124,accel_load_accum,PLAYER_668,251
125,distance_total,PLAYER_668,251
126,accel_load_accum,PLAYER_1052,250
127,accel_load_accum,PLAYER_198,250
128,accel_load_accum,PLAYER_953,248
129,accel_load_accum,PLAYER_1125,247
130,accel_load_accum,PLAYER_1196,246
131,accel_load_accum,PLAYER_1077,246
132,distance_total,PLAYER_1052,246
133,distance_total,PLAYER_1196,246
134,distance_total,PLAYER_1077,242
135,distance_total,PLAYER_953,241
136,distance_total,PLAYER_1125,240
137,distance_total,PLAYER_198,236
138,accel_load_accum,PLAYER_430,229
139,distance_total,PLAYER_430,229
140,accel_load_accum,PLAYER_955,227
141,accel_load_accum,PLAYER_995,227
142,accel_load_accum,PLAYER_1162,226
143,distance_total,PLAYER_1162,225
144,distance_total,PLAYER_995,225
145,accel_load_accum,PLAYER_033,220
146,distance_total,PLAYER_033,219
147,distance_total,PLAYER_955,215
148,accel_load_accum,PLAYER_672,207
149,distance_total,PLAYER_672,205
150,accel_load_accum,PLAYER_002,204
151,accel_load_accum,PLAYER_526,204
152,accel_load_accum,PLAYER_480,204
153,distance_total,PLAYER_002,203
154,accel_load_accum,PLAYER_182,202
155,accel_load_accum,PLAYER_270,202
156,distance_total,PLAYER_480,202
157,distance_total,PLAYER_182,200
158,distance_total,PLAYER_270,200
159,accel_load_accum,PLAYER_746,199
160,accel_load_accum,PLAYER_218,198
161,distance_total,PLAYER_218,198
162,distance_total,PLAYER_746,196
163,accel_load_accum,PLAYER_376,194
164,distance_total,PLAYER_526,193
165,accel_load_accum,PLAYER_193,190
166,distance_total,PLAYER_376,190
167,accel_load_accum,PLAYER_774,189
168,accel_load_accum,PLAYER_732,188
169,distance_total,PLAYER_774,188
170,distance_total,PLAYER_732,188
171,distance_total,PLAYER_193,187
172,accel_load_accum,PLAYER_423,185
173,distance_total,PLAYER_423,185
174,accel_load_accum,PLAYER_074,184
175,accel_load_accum,PLAYER_915,184
176,distance_total,PLAYER_074,184
177,accel_load_accum,PLAYER_552,183
178,distance_total,PLAYER_915,183
179,distance_total,PLAYER_552,183
180,accel_load_accum,PLAYER_964,182
181,accel_load_accum,PLAYER_159,182
182,accel_load_accum,PLAYER_324,180
183,distance_total,PLAYER_324,180
184,distance_total,PLAYER_964,180
185,accel_load_accum,PLAYER_413,177
186,distance_total,PLAYER_413,177
187,accel_load_accum,PLAYER_706,176
188,distance_total,PLAYER_159,176
189,distance_total,PLAYER_706,175
190,accel_load_accum,PLAYER_1264,174
191,accel_load_accum,PLAYER_905,172
192,distance_total,PLAYER_905,171
193,distance_total,PLAYER_1264,167
194,accel_load_accum,PLAYER_1213,165
195,accel_load_accum,PLAYER_1265,165
196,distance_total,PLAYER_1213,164
197,distance_total,PLAYER_1265,164
198,accel_load_accum,PLAYER_457,163
199,distance_total,PLAYER_457,162
200,accel_load_accum,PLAYER_1121,157
201,accel_load_accum,PLAYER_530,156
202,distance_total,PLAYER_1121,156
203,distance_total,PLAYER_530,155
204,accel_load_accum,PLAYER_1190,150
205,accel_load_accum,PLAYER_816,149
206,accel_load_accum,PLAYER_666,148
207,distance_total,PLAYER_1190,148
208,distance_total,PLAYER_666,148
209,accel_load_accum,PLAYER_243,147
210,distance_total,PLAYER_243,147
211,accel_load_accum,PLAYER_756,145
212,accel_load_accum,PLAYER_693,145
213,accel_load_accum,PLAYER_1000,145
214,accel_load_accum,PLAYER_855,145
215,accel_load_accum,PLAYER_145,145
216,distance_total,PLAYER_756,145
217,distance_total,PLAYER_693,145
218,distance_total,PLAYER_816,145
219,distance_total,PLAYER_855,145
220,accel_load_accum,PLAYER_933,144
221,distance_total,PLAYER_1000,144
222,accel_load_accum,PLAYER_579,143
223,distance_total,PLAYER_145,143
224,distance_total,PLAYER_933,143
225,distance_total,PLAYER_579,141
226,accel_load_accum,PLAYER_252,140
227,distance_total,PLAYER_252,139
228,accel_load_accum,PLAYER_293,135
229,distance_total,PLAYER_293,135
230,accel_load_accum,PLAYER_796,133
231,distance_total,PLAYER_796,133
232,accel_load_accum,PLAYER_341,128
233,distance_total,PLAYER_1230,127
234,distance_total,PLAYER_341,127
235,accel_load_accum,PLAYER_1230,126
236,distance_total,PLAYER_1124,126
237,accel_load_accum,PLAYER_1124,124
238,accel_load_accum,PLAYER_111,124
239,distance_total,PLAYER_111,123
240,accel_load_accum,PLAYER_1171,120
241,accel_load_accum,PLAYER_648,119
242,accel_load_accum,PLAYER_593,119
243,accel_load_accum,PLAYER_063,118
244,accel_load_accum,PLAYER_1232,118
245,distance_total,PLAYER_648,118
246,distance_total,PLAYER_593,118
247,distance_total,PLAYER_063,117
248,accel_load_accum,PLAYER_497,116
249,distance_total,PLAYER_1171,115
250,accel_load_accum,PLAYER_183,114
251,accel_load_accum,PLAYER_1214,113
252,accel_load_accum,PLAYER_551,113
253,distance_total,PLAYER_551,113
254,accel_load_accum,PLAYER_361,112
255,distance_total,PLAYER_361,112
256,distance_total,PLAYER_1214,112
257,distance_total,PLAYER_1232,112
258,distance_total,PLAYER_497,112
259,distance_total,PLAYER_183,111
260,accel_load_accum,PLAYER_751,109
261,accel_load_accum,PLAYER_284,109
262,distance_total,PLAYER_284,109
263,accel_load_accum,PLAYER_1240,108
264,accel_load_accum,PLAYER_1120,108
265,distance_total,PLAYER_751,108
266,distance_total,PLAYER_1120,108
267,accel_load_accum,PLAYER_1191,107
268,distance_total,PLAYER_1240,107
269,accel_load_accum,PLAYER_1204,106
270,accel_load_accum,PLAYER_419,106
271,distance_total,PLAYER_1204,106
272,distance_total,PLAYER_419,106
273,distance_total,PLAYER_1191,106
274,accel_load_accum,PLAYER_544,105
275,distance_total,PLAYER_544,105
276,accel_load_accum,PLAYER_528,104
277,accel_load_accum,PLAYER_894,104
278,distance_total,PLAYER_528,104
279,distance_total,PLAYER_894,104
280,accel_load_accum,PLAYER_697,102
281,distance_total,PLAYER_697,102
282,accel_load_accum,PLAYER_965,101
283,distance_total,PLAYER_965,101
284,accel_load_accum,PLAYER_533,100
285,accel_load_accum,PLAYER_744,100
286,accel_load_accum,PLAYER_491,100
287,accel_load_accum,PLAYER_792,100
288,accel_load_accum,PLAYER_1003,100
289,distance_total,PLAYER_533,100
290,distance_total,PLAYER_744,100
291,distance_total,PLAYER_491,100
292,distance_total,PLAYER_792,100
293,distance_total,PLAYER_1003,100
294,accel_load_accum,PLAYER_032,98
295,accel_load_accum,PLAYER_653,98
296,distance_total,PLAYER_032,98
297,distance_total,PLAYER_653,98
298,accel_load_accum,PLAYER_1056,97
299,accel_load_accum,PLAYER_643,96
300,distance_total,PLAYER_643,96
301,distance_total,PLAYER_1056,96
302,distance_total,PLAYER_325,93
303,distance_total,PLAYER_645,91
304,accel_load_accum,PLAYER_390,90
305,accel_load_accum,PLAYER_325,89
306,distance_total,PLAYER_390,89
307,accel_load_accum,PLAYER_613,88
308,accel_load_accum,PLAYER_007,88
309,accel_load_accum,PLAYER_053,88
310,distance_total,PLAYER_613,88
311,distance_total,PLAYER_007,88
312,distance_total,PLAYER_053,88
313,accel_load_accum,PLAYER_645,87
314,accel_load_accum,PLAYER_854,86
315,accel_load_accum,PLAYER_455,86
316,distance_total,PLAYER_854,86
317,distance_total,PLAYER_455,86
318,distance_total,PLAYER_994,85
319,accel_load_accum,PLAYER_675,84
320,accel_load_accum,PLAYER_1089,83
321,distance_total,PLAYER_675,83
322,accel_load_accum,PLAYER_994,82
323,distance_total,PLAYER_1089,82
324,accel_load_accum,PLAYER_745,81
325,distance_total,PLAYER_745,81
326,accel_load_accum,PLAYER_375,80
327,distance_total,PLAYER_375,80
328,accel_load_accum,PLAYER_961,79
329,accel_load_accum,PLAYER_982,78
330,distance_total,PLAYER_982,78
331,accel_load_accum,PLAYER_860,77
332,distance_total,PLAYER_961,77
333,distance_total,PLAYER_860,76
334,accel_load_accum,PLAYER_896,75
335,distance_total,PLAYER_896,75
336,accel_load_accum,PLAYER_1083,74
337,distance_total,PLAYER_1083,72
338,distance_total,PLAYER_154,72
339,accel_load_accum,PLAYER_1267,71
340,accel_load_accum,PLAYER_490,70
341,accel_load_accum,PLAYER_052,70
342,accel_load_accum,PLAYER_747,70
343,accel_load_accum,PLAYER_1045,69
344,distance_total,PLAYER_490,69
345,distance_total,PLAYER_052,69
346,accel_load_accum,PLAYER_154,68
347,accel_load_accum,PLAYER_539,68
348,distance_total,PLAYER_1267,68
349,distance_total,PLAYER_747,68
350,accel_load_accum,PLAYER_1224,67
351,accel_load_accum,PLAYER_1104,67
352,distance_total,PLAYER_539,67
353,distance_total,PLAYER_1104,67
354,distance_total,PLAYER_1224,66
355,distance_total,PLAYER_1045,66
356,accel_load_accum,PLAYER_620,64
357,accel_load_accum,PLAYER_518,64
358,distance_total,PLAYER_518,64
359,accel_load_accum,PLAYER_131,63
360,accel_load_accum,PLAYER_227,62
361,accel_load_accum,PLAYER_494,62
362,distance_total,PLAYER_227,62
363,distance_total,PLAYER_620,62
364,accel_load_accum,PLAYER_606,61
365,distance_total,PLAYER_494,61
366,accel_load_accum,PLAYER_913,60
367,distance_total,PLAYER_131,60
368,accel_load_accum,PLAYER_285,59
369,accel_load_accum,PLAYER_740,59
370,distance_total,PLAYER_913,59
371,accel_load_accum,PLAYER_412,58
372,accel_load_accum,PLAYER_958,58
373,accel_load_accum,PLAYER_1116,58
374,distance_total,PLAYER_285,58
375,distance_total,PLAYER_412,58
376,distance_total,PLAYER_958,58
377,distance_total,PLAYER_740,58
378,accel_load_accum,PLAYER_616,57
379,distance_total,PLAYER_606,57
380,distance_total,PLAYER_616,57
381,distance_total,PLAYER_1116,57
382,accel_load_accum,PLAYER_099,56
383,accel_load_accum,PLAYER_1144,56
384,accel_load_accum,PLAYER_529,56
385,accel_load_accum,PLAYER_1036,56
386,distance_total,PLAYER_099,56
387,distance_total,PLAYER_1144,56
388,distance_total,PLAYER_1036,56
389,accel_load_accum,PLAYER_1050,55
390,distance_total,PLAYER_529,54
391,distance_total,PLAYER_1050,53
392,accel_load_accum,PLAYER_540,51
393,distance_total,PLAYER_540,51
394,accel_load_accum,PLAYER_008,50
395,accel_load_accum,PLAYER_1020,50
396,accel_load_accum,PLAYER_1282,50
397,accel_load_accum,PLAYER_051,50
398,accel_load_accum,PLAYER_473,50
399,accel_load_accum,PLAYER_1028,50
400,distance_total,PLAYER_1282,50
401,accel_load_accum,PLAYER_404,49
402,accel_load_accum,PLAYER_190,49
403,accel_load_accum,PLAYER_463,49
404,distance_total,PLAYER_008,49
405,distance_total,PLAYER_1020,49
406,distance_total,PLAYER_404,49
407,distance_total,PLAYER_190,49
408,distance_total,PLAYER_051,49
409,distance_total,PLAYER_463,49
410,distance_total,PLAYER_473,49
411,distance_total,PLAYER_1028,49
412,accel_load_accum,PLAYER_992,48
413,accel_load_accum,PLAYER_789,48
414,accel_load_accum,PLAYER_042,48
415,accel_load_accum,PLAYER_646,48
416,distance_total,PLAYER_992,48
417,distance_total,PLAYER_789,48
418,distance_total,PLAYER_042,48
419,distance_total,PLAYER_646,48
420,accel_load_accum,PLAYER_122,47
421,accel_load_accum,PLAYER_482,47
422,accel_load_accum,PLAYER_948,47
423,accel_load_accum,PLAYER_906,47
424,distance_total,PLAYER_122,47
425,accel_load_accum,PLAYER_1053,46
426,accel_load_accum,PLAYER_743,46
427,accel_load_accum,PLAYER_056,46
428,distance_total,PLAYER_1053,46
429,distance_total,PLAYER_743,46
430,distance_total,PLAYER_482,46
431,distance_total,PLAYER_948,46
432,distance_total,PLAYER_906,46
433,accel_load_accum,PLAYER_363,45
434,distance_total,PLAYER_056,45
435,distance_total,PLAYER_363,45
436,accel_load_accum,PLAYER_136,44
437,accel_load_accum,PLAYER_135,44
438,distance_total,PLAYER_136,44
439,accel_load_accum,PLAYER_600,43
440,accel_load_accum,PLAYER_1188,43
441,distance_total,PLAYER_1188,43
442,accel_load_accum,PLAYER_682,42
443,accel_load_accum,PLAYER_076,42
444,distance_total,PLAYER_282,42
445,distance_total,PLAYER_600,42
446,distance_total,PLAYER_076,42
447,accel_load_accum,PLAYER_1095,41
448,accel_load_accum,PLAYER_128,41
449,distance_total,PLAYER_682,41
450,distance_total,PLAYER_135,41
451,distance_total,PLAYER_1095,40
452,distance_total,PLAYER_128,40
453,accel_load_accum,PLAYER_282,39
454,accel_load_accum,PLAYER_1092,39
455,accel_load_accum,PLAYER_923,39
456,accel_load_accum,PLAYER_851,39
457,distance_total,PLAYER_1092,39
458,distance_total,PLAYER_923,39
459,distance_total,PLAYER_851,39
460,accel_load_accum,PLAYER_006,38
461,accel_load_accum,PLAYER_1015,37
462,accel_load_accum,PLAYER_158,37
463,distance_total,PLAYER_1015,37
464,distance_total,PLAYER_1129,37
465,distance_total,PLAYER_006,37
466,distance_total,PLAYER_158,37
467,accel_load_accum,PLAYER_760,36
468,distance_total,PLAYER_760,36
469,accel_load_accum,PLAYER_1129,35
470,accel_load_accum,PLAYER_1069,35
471,distance_total,PLAYER_1069,35
472,accel_load_accum,PLAYER_1058,34
473,accel_load_accum,PLAYER_343,34
474,distance_total,PLAYER_1058,34
475,leftMaxForce,PLAYER_256,34
476,leftMaxForce,PLAYER_216,34
477,leftTorque,PLAYER_256,34
478,leftTorque,PLAYER_216,34
479,rightMaxForce,PLAYER_256,34
480,rightMaxForce,PLAYER_216,34
481,rightTorque,PLAYER_256,34
482,rightTorque,PLAYER_216,34
483,distance_total,PLAYER_343,33
484,leftMaxForce,PLAYER_197,33
485,leftTorque,PLAYER_197,33
486,rightMaxForce,PLAYER_197,33
487,rightTorque,PLAYER_197,33
488,accel_load_accum,PLAYER_721,30
489,leftMaxForce,PLAYER_021,30
490,leftMaxForce,PLAYER_092,30
491,leftTorque,PLAYER_021,30
492,leftTorque,PLAYER_092,30
493,rightMaxForce,PLAYER_021,30
494,rightMaxForce,PLAYER_092,30
495,rightTorque,PLAYER_021,30
496,rightTorque,PLAYER_092,30
497,distance_total,PLAYER_721,29
498,accel_load_accum,PLAYER_846,28
499,accel_load_accum,PLAYER_1112,28
500,accel_load_accum,PLAYER_332,28
501,distance_total,PLAYER_846,28
502,distance_total,PLAYER_1112,28
503,distance_total,PLAYER_332,28
504,leftMaxForce,PLAYER_952,28
505,leftMaxForce,PLAYER_567,28
506,leftTorque,PLAYER_952,28
507,rightMaxForce,PLAYER_952,28
508,rightMaxForce,PLAYER_567,28
509,rightTorque,PLAYER_952,28
510,distance_total,PLAYER_1008,27
511,leftTorque,PLAYER_567,27
512,rightTorque,PLAYER_567,27
513,accel_load_accum,PLAYER_109,26
514,accel_load_accum,PLAYER_897,26
515,accel_load_accum,PLAYER_079,26
516,distance_total,PLAYER_109,26
517,distance_total,PLAYER_897,26
518,distance_total,PLAYER_079,26
519,leftMaxForce,PLAYER_171,26
520,leftMaxForce,PLAYER_093,26
521,leftTorque,PLAYER_171,26
522,leftTorque,PLAYER_093,26
523,rightMaxForce,PLAYER_171,26
524,rightMaxForce,PLAYER_093,26
525,rightTorque,PLAYER_171,26
526,rightTorque,PLAYER_093,26
527,leftMaxForce,PLAYER_719,25
528,leftTorque,PLAYER_719,25
529,rightMaxForce,PLAYER_719,25
530,rightTorque,PLAYER_719,25
531,accel_load_accum,PLAYER_1008,24
532,leftMaxForce,PLAYER_620,23
533,leftMaxForce,PLAYER_1129,23
534,leftMaxForce,PLAYER_575,23
535,leftTorque,PLAYER_620,23
536,leftTorque,PLAYER_1129,23
537,leftTorque,PLAYER_575,23
538,rightMaxForce,PLAYER_620,23
539,rightMaxForce,PLAYER_1129,23
540,rightMaxForce,PLAYER_575,23
541,rightTorque,PLAYER_620,23
542,rightTorque,PLAYER_1129,23
543,rightTorque,PLAYER_575,23
544,leftMaxForce,PLAYER_137,22
545,leftMaxForce,PLAYER_1114,22
546,leftMaxForce,PLAYER_755,22
547,leftMaxForce,PLAYER_342,22
548,leftTorque,PLAYER_137,22
549,leftTorque,PLAYER_1114,22
550,leftTorque,PLAYER_755,22
551,leftTorque,PLAYER_342,22
552,rightMaxForce,PLAYER_137,22
553,rightMaxForce,PLAYER_1114,22
554,rightMaxForce,PLAYER_755,22
555,rightMaxForce,PLAYER_342,22
556,rightTorque,PLAYER_137,22
557,rightTorque,PLAYER_1114,22
558,rightTorque,PLAYER_755,22
559,rightTorque,PLAYER_342,22
560,leftMaxForce,PLAYER_901,21
561,leftMaxForce,PLAYER_932,21
562,leftTorque,PLAYER_932,21
563,rightMaxForce,PLAYER_901,21
564,rightMaxForce,PLAYER_932,21
565,rightTorque,PLAYER_932,21
566,accel_load_accum,PLAYER_383,20
567,distance_total,PLAYER_383,20
568,leftMaxForce,PLAYER_1196,20
569,leftMaxForce,PLAYER_1128,20
570,leftMaxForce,PLAYER_1186,20
571,leftMaxForce,PLAYER_115,20
572,leftMaxForce,PLAYER_084,20
573,leftMaxForce,PLAYER_733,20
574,leftMaxForce,PLAYER_213,20
575,leftTorque,PLAYER_1196,20
576,leftTorque,PLAYER_901,20
577,leftTorque,PLAYER_1128,20
578,leftTorque,PLAYER_1186,20
579,leftTorque,PLAYER_115,20
580,leftTorque,PLAYER_084,20
581,leftTorque,PLAYER_733,20
582,leftTorque,PLAYER_213,20
583,rightMaxForce,PLAYER_1196,20
584,rightMaxForce,PLAYER_1128,20
585,rightMaxForce,PLAYER_1186,20
586,rightMaxForce,PLAYER_115,20
587,rightMaxForce,PLAYER_084,20
588,rightMaxForce,PLAYER_733,20
589,rightMaxForce,PLAYER_213,20
590,rightTorque,PLAYER_1196,20
591,rightTorque,PLAYER_901,20
592,rightTorque,PLAYER_1128,20
593,rightTorque,PLAYER_1186,20
594,rightTorque,PLAYER_115,20
595,rightTorque,PLAYER_084,20
596,rightTorque,PLAYER_733,20
597,rightTorque,PLAYER_213,20
598,leftMaxForce,PLAYER_617,19
599,leftMaxForce,PLAYER_286,19
600,leftTorque,PLAYER_617,19
601,rightMaxForce,PLAYER_617,19
602,rightMaxForce,PLAYER_286,19
603,rightTorque,PLAYER_617,19
604,accel_load_accum,PLAYER_585,18
605,distance_total,PLAYER_585,18
606,leftMaxForce,PLAYER_490,18
607,leftMaxForce,PLAYER_207,18
608,leftMaxForce,PLAYER_230,18
609,leftTorque,PLAYER_490,18
610,leftTorque,PLAYER_207,18
611,leftTorque,PLAYER_286,18
612,leftTorque,PLAYER_230,18
613,rightMaxForce,PLAYER_490,18
614,rightMaxForce,PLAYER_207,18
615,rightMaxForce,PLAYER_230,18
616,rightTorque,PLAYER_490,18
617,rightTorque,PLAYER_207,18
618,rightTorque,PLAYER_286,18
619,rightTorque,PLAYER_230,18
620,accel_load_accum,PLAYER_898,17
621,distance_total,PLAYER_898,17
622,leftMaxForce,PLAYER_1252,17
623,leftMaxForce,PLAYER_1094,17
624,leftMaxForce,PLAYER_051,17
625,leftMaxForce,PLAYER_572,17
626,leftTorque,PLAYER_1094,17
627,leftTorque,PLAYER_572,17
628,rightMaxForce,PLAYER_1252,17
629,rightMaxForce,PLAYER_1094,17
630,rightMaxForce,PLAYER_051,17
631,rightMaxForce,PLAYER_572,17
632,rightTorque,PLAYER_1094,17
633,rightTorque,PLAYER_572,17
634,accel_load_accum,PLAYER_017,16
635,accel_load_accum,PLAYER_1187,16
636,accel_load_accum,PLAYER_004,16
637,distance_total,PLAYER_017,16
638,distance_total,PLAYER_1187,16
639,distance_total,PLAYER_004,16
640,leftMaxForce,PLAYER_416,16
641,leftMaxForce,PLAYER_683,16
642,leftMaxForce,PLAYER_712,16
643,leftMaxForce,PLAYER_902,16
644,leftMaxForce,PLAYER_1077,16
645,leftMaxForce,PLAYER_427,16
646,leftMaxForce,PLAYER_182,16
647,leftTorque,PLAYER_416,16
648,leftTorque,PLAYER_1252,16
649,leftTorque,PLAYER_712,16
650,leftTorque,PLAYER_902,16
651,leftTorque,PLAYER_1077,16
652,leftTorque,PLAYER_051,16
653,leftTorque,PLAYER_182,16
654,rightMaxForce,PLAYER_416,16
655,rightMaxForce,PLAYER_683,16
656,rightMaxForce,PLAYER_712,16
657,rightMaxForce,PLAYER_902,16
658,rightMaxForce,PLAYER_1077,16
659,rightMaxForce,PLAYER_427,16
660,rightMaxForce,PLAYER_182,16
661,rightTorque,PLAYER_416,16
662,rightTorque,PLAYER_1252,16
663,rightTorque,PLAYER_712,16
664,rightTorque,PLAYER_902,16
665,rightTorque,PLAYER_1077,16
666,rightTorque,PLAYER_051,16
667,rightTorque,PLAYER_182,16
668,accel_load_accum,PLAYER_212,15
669,accel_load_accum,PLAYER_1032,15
670,distance_total,PLAYER_212,15
671,distance_total,PLAYER_1032,15
672,leftMaxForce,PLAYER_415,15
673,leftMaxForce,PLAYER_826,15
674,leftMaxForce,PLAYER_318,15
675,leftMaxForce,PLAYER_205,15
676,leftMaxForce,PLAYER_946,15
677,leftMaxForce,PLAYER_1249,15
678,leftMaxForce,PLAYER_320,15
679,leftMaxForce,PLAYER_1190,15
680,leftMaxForce,PLAYER_457,15
681,leftMaxForce,PLAYER_964,15
682,leftMaxForce,PLAYER_426,15
683,leftMaxForce,PLAYER_359,15
684,leftTorque,PLAYER_415,15
685,leftTorque,PLAYER_826,15
686,leftTorque,PLAYER_318,15
687,leftTorque,PLAYER_205,15
688,leftTorque,PLAYER_946,15
689,leftTorque,PLAYER_683,15
690,leftTorque,PLAYER_320,15
691,leftTorque,PLAYER_1190,15
692,leftTorque,PLAYER_457,15
693,leftTorque,PLAYER_964,15
694,leftTorque,PLAYER_427,15
695,leftTorque,PLAYER_359,15
696,rightMaxForce,PLAYER_415,15
697,rightMaxForce,PLAYER_826,15
698,rightMaxForce,PLAYER_318,15
699,rightMaxForce,PLAYER_205,15
700,rightMaxForce,PLAYER_946,15
701,rightMaxForce,PLAYER_1249,15
702,rightMaxForce,PLAYER_320,15
703,rightMaxForce,PLAYER_1190,15
704,rightMaxForce,PLAYER_457,15
705,rightMaxForce,PLAYER_964,15
706,rightMaxForce,PLAYER_426,15
707,rightMaxForce,PLAYER_359,15
708,rightTorque,PLAYER_415,15
709,rightTorque,PLAYER_826,15
710,rightTorque,PLAYER_318,15
711,rightTorque,PLAYER_205,15
712,rightTorque,PLAYER_946,15
713,rightTorque,PLAYER_683,15
714,rightTorque,PLAYER_320,15
715,rightTorque,PLAYER_1190,15
716,rightTorque,PLAYER_457,15
717,rightTorque,PLAYER_964,15
718,rightTorque,PLAYER_427,15
719,rightTorque,PLAYER_359,15
720,accel_load_accum,PLAYER_1011,14
721,accel_load_accum,PLAYER_196,14
722,accel_load_accum,PLAYER_334,14
723,accel_load_accum,PLAYER_1247,14
724,distance_total,PLAYER_1011,14
725,distance_total,PLAYER_196,14
726,distance_total,PLAYER_334,14
727,distance_total,PLAYER_1247,14
728,leftMaxForce,PLAYER_1133,14
729,leftMaxForce,PLAYER_255,14
730,leftMaxForce,PLAYER_1061,14
731,leftMaxForce,PLAYER_006,14
732,leftMaxForce,PLAYER_944,14
733,leftMaxForce,PLAYER_780,14
734,leftMaxForce,PLAYER_1155,14
735,leftMaxForce,PLAYER_845,14
736,leftMaxForce,PLAYER_732,14
737,leftTorque,PLAYER_1133,14
738,leftTorque,PLAYER_1249,14
739,leftTorque,PLAYER_1061,14
740,leftTorque,PLAYER_006,14
741,leftTorque,PLAYER_944,14
742,leftTorque,PLAYER_780,14
743,leftTorque,PLAYER_426,14
744,leftTorque,PLAYER_1155,14
745,leftTorque,PLAYER_845,14
746,leftTorque,PLAYER_732,14
747,rightMaxForce,PLAYER_1133,14
748,rightMaxForce,PLAYER_255,14
749,rightMaxForce,PLAYER_1061,14
750,rightMaxForce,PLAYER_006,14
751,rightMaxForce,PLAYER_944,14
752,rightMaxForce,PLAYER_780,14
753,rightMaxForce,PLAYER_1155,14
754,rightMaxForce,PLAYER_845,14
755,rightMaxForce,PLAYER_732,14
756,rightTorque,PLAYER_1133,14
757,rightTorque,PLAYER_1249,14
758,rightTorque,PLAYER_1061,14
759,rightTorque,PLAYER_006,14
760,rightTorque,PLAYER_944,14
761,rightTorque,PLAYER_780,14
762,rightTorque,PLAYER_426,14
763,rightTorque,PLAYER_1155,14
764,rightTorque,PLAYER_845,14
765,rightTorque,PLAYER_732,14
766,accel_load_accum,PLAYER_1203,13
767,accel_load_accum,PLAYER_1135,13
768,distance_total,PLAYER_1203,13
769,distance_total,PLAYER_1135,13
770,leftMaxForce,PLAYER_310,13
771,leftMaxForce,PLAYER_218,13
772,leftMaxForce,PLAYER_667,13
773,leftMaxForce,PLAYER_1248,13
774,leftMaxForce,PLAYER_527,13
775,leftMaxForce,PLAYER_1238,13
776,leftMaxForce,PLAYER_754,13
777,leftMaxForce,PLAYER_685,13
778,leftMaxForce,PLAYER_557,13
779,leftMaxForce,PLAYER_161,13
780,leftMaxForce,PLAYER_474,13
781,leftMaxForce,PLAYER_912,13
782,leftMaxForce,PLAYER_803,13
783,leftMaxForce,PLAYER_555,13
784,leftMaxForce,PLAYER_519,13
785,leftMaxForce,PLAYER_972,13
786,leftMaxForce,PLAYER_347,13
787,leftMaxForce,PLAYER_820,13
788,leftTorque,PLAYER_310,13
789,leftTorque,PLAYER_218,13
790,leftTorque,PLAYER_255,13
791,leftTorque,PLAYER_1238,13
792,leftTorque,PLAYER_754,13
793,leftTorque,PLAYER_685,13
794,leftTorque,PLAYER_557,13
795,leftTorque,PLAYER_161,13
796,leftTorque,PLAYER_912,13
797,leftTorque,PLAYER_803,13
798,leftTorque,PLAYER_555,13
799,leftTorque,PLAYER_519,13
800,leftTorque,PLAYER_972,13
801,leftTorque,PLAYER_347,13
802,rightMaxForce,PLAYER_310,13
803,rightMaxForce,PLAYER_218,13
804,rightMaxForce,PLAYER_667,13
805,rightMaxForce,PLAYER_1248,13
806,rightMaxForce,PLAYER_527,13
807,rightMaxForce,PLAYER_1238,13
808,rightMaxForce,PLAYER_754,13
809,rightMaxForce,PLAYER_685,13
810,rightMaxForce,PLAYER_557,13
811,rightMaxForce,PLAYER_161,13
812,rightMaxForce,PLAYER_474,13
813,rightMaxForce,PLAYER_803,13
814,rightMaxForce,PLAYER_555,13
815,rightMaxForce,PLAYER_519,13
816,rightMaxForce,PLAYER_972,13
817,rightMaxForce,PLAYER_347,13
818,rightMaxForce,PLAYER_820,13
819,rightTorque,PLAYER_310,13
820,rightTorque,PLAYER_218,13
821,rightTorque,PLAYER_255,13
822,rightTorque,PLAYER_1238,13
823,rightTorque,PLAYER_754,13
824,rightTorque,PLAYER_685,13
825,rightTorque,PLAYER_557,13
826,rightTorque,PLAYER_161,13
827,rightTorque,PLAYER_803,13
828,rightTorque,PLAYER_555,13
829,rightTorque,PLAYER_519,13
830,rightTorque,PLAYER_972,13
831,rightTorque,PLAYER_347,13
832,accel_load_accum,PLAYER_674,12
833,accel_load_accum,PLAYER_1122,12
834,distance_total,PLAYER_674,12
835,distance_total,PLAYER_1122,12
836,leftMaxForce,PLAYER_408,12
837,leftMaxForce,PLAYER_1097,12
838,leftMaxForce,PLAYER_782,12
839,leftMaxForce,PLAYER_1225,12
840,leftMaxForce,PLAYER_611,12
841,leftMaxForce,PLAYER_189,12
842,leftMaxForce,PLAYER_981,12
843,leftMaxForce,PLAYER_499,12
844,leftMaxForce,PLAYER_155,12
845,leftMaxForce,PLAYER_630,12
846,leftMaxForce,PLAYER_830,12
847,leftMaxForce,PLAYER_422,12
848,leftMaxForce,PLAYER_452,12
849,leftTorque,PLAYER_667,12
850,leftTorque,PLAYER_1248,12
851,leftTorque,PLAYER_527,12
852,leftTorque,PLAYER_1097,12
853,leftTorque,PLAYER_782,12
854,leftTorque,PLAYER_1225,12
855,leftTorque,PLAYER_474,12
856,leftTorque,PLAYER_981,12
857,leftTorque,PLAYER_155,12
858,leftTorque,PLAYER_630,12
859,leftTorque,PLAYER_830,12
860,leftTorque,PLAYER_820,12
861,rightMaxForce,PLAYER_408,12
862,rightMaxForce,PLAYER_1097,12
863,rightMaxForce,PLAYER_782,12
864,rightMaxForce,PLAYER_1225,12
865,rightMaxForce,PLAYER_611,12
866,rightMaxForce,PLAYER_189,12
867,rightMaxForce,PLAYER_981,12
868,rightMaxForce,PLAYER_499,12
869,rightMaxForce,PLAYER_155,12
870,rightMaxForce,PLAYER_630,12
871,rightMaxForce,PLAYER_912,12
872,rightMaxForce,PLAYER_830,12
873,rightMaxForce,PLAYER_422,12
874,rightMaxForce,PLAYER_452,12
875,rightTorque,PLAYER_667,12
876,rightTorque,PLAYER_1248,12
877,rightTorque,PLAYER_527,12
878,rightTorque,PLAYER_1097,12
879,rightTorque,PLAYER_782,12
880,rightTorque,PLAYER_1225,12
881,rightTorque,PLAYER_474,12
882,rightTorque,PLAYER_981,12
883,rightTorque,PLAYER_155,12
884,rightTorque,PLAYER_630,12
885,rightTorque,PLAYER_912,12
886,rightTorque,PLAYER_830,12
887,rightTorque,PLAYER_820,12
888,accel_load_accum,PLAYER_038,11
889,distance_total,PLAYER_038,11
890,leftMaxForce,PLAYER_471,11
891,leftMaxForce,PLAYER_338,11
892,leftMaxForce,PLAYER_382,11
893,leftMaxForce,PLAYER_428,11
894,leftMaxForce,PLAYER_267,11
895,leftMaxForce,PLAYER_743,11
896,leftMaxForce,PLAYER_503,11
897,leftMaxForce,PLAYER_525,11
898,leftMaxForce,PLAYER_547,11
899,leftMaxForce,PLAYER_154,11
900,leftMaxForce,PLAYER_910,11
901,leftMaxForce,PLAYER_423,11
902,leftMaxForce,PLAYER_978,11
903,leftMaxForce,PLAYER_599,11
904,leftMaxForce,PLAYER_477,11
905,leftTorque,PLAYER_471,11
906,leftTorque,PLAYER_338,11
907,leftTorque,PLAYER_408,11
908,leftTorque,PLAYER_382,11
909,leftTorque,PLAYER_428,11
910,leftTorque,PLAYER_267,11
911,leftTorque,PLAYER_743,11
912,leftTorque,PLAYER_503,11
913,leftTorque,PLAYER_525,11
914,leftTorque,PLAYER_611,11
915,leftTorque,PLAYER_189,11
916,leftTorque,PLAYER_499,11
917,leftTorque,PLAYER_547,11
918,leftTorque,PLAYER_154,11
919,leftTorque,PLAYER_910,11
920,leftTorque,PLAYER_423,11
921,leftTorque,PLAYER_422,11
922,leftTorque,PLAYER_978,11
923,leftTorque,PLAYER_599,11
924,leftTorque,PLAYER_452,11
925,rightMaxForce,PLAYER_471,11
926,rightMaxForce,PLAYER_338,11
927,rightMaxForce,PLAYER_382,11
928,rightMaxForce,PLAYER_428,11
929,rightMaxForce,PLAYER_267,11
930,rightMaxForce,PLAYER_743,11
931,rightMaxForce,PLAYER_503,11
932,rightMaxForce,PLAYER_525,11
933,rightMaxForce,PLAYER_547,11
934,rightMaxForce,PLAYER_154,11
935,rightMaxForce,PLAYER_910,11
936,rightMaxForce,PLAYER_423,11
937,rightMaxForce,PLAYER_978,11
938,rightMaxForce,PLAYER_599,11
939,rightMaxForce,PLAYER_477,11
940,rightTorque,PLAYER_471,11
941,rightTorque,PLAYER_338,11
942,rightTorque,PLAYER_408,11
943,rightTorque,PLAYER_382,11
944,rightTorque,PLAYER_428,11
945,rightTorque,PLAYER_267,11
946,rightTorque,PLAYER_743,11
947,rightTorque,PLAYER_503,11
948,rightTorque,PLAYER_525,11
949,rightTorque,PLAYER_611,11
950,rightTorque,PLAYER_189,11
951,rightTorque,PLAYER_499,11
952,rightTorque,PLAYER_547,11
953,rightTorque,PLAYER_154,11
954,rightTorque,PLAYER_910,11
955,rightTorque,PLAYER_423,11
956,rightTorque,PLAYER_422,11
957,rightTorque,PLAYER_978,11
958,rightTorque,PLAYER_599,11
959,rightTorque,PLAYER_452,11
960,leftMaxForce,PLAYER_465,10
961,leftMaxForce,PLAYER_973,10
962,leftMaxForce,PLAYER_663,10
963,leftMaxForce,PLAYER_302,10
964,leftMaxForce,PLAYER_889,10
965,leftMaxForce,PLAYER_648,10
966,leftMaxForce,PLAYER_612,10
967,leftMaxForce,PLAYER_387,10
968,leftMaxForce,PLAYER_788,10
969,leftMaxForce,PLAYER_671,10
970,leftMaxForce,PLAYER_234,10
971,leftMaxForce,PLAYER_904,10
972,leftMaxForce,PLAYER_062,10
973,leftMaxForce,PLAYER_283,10
974,leftMaxForce,PLAYER_1152,10
975,leftMaxForce,PLAYER_112,10
976,leftMaxForce,PLAYER_139,10
977,leftMaxForce,PLAYER_009,10
978,leftMaxForce,PLAYER_908,10
979,leftMaxForce,PLAYER_1006,10
980,leftMaxForce,PLAYER_566,10
981,leftMaxForce,PLAYER_236,10
982,leftMaxForce,PLAYER_037,10
983,leftTorque,PLAYER_465,10
984,leftTorque,PLAYER_973,10
985,leftTorque,PLAYER_663,10
986,leftTorque,PLAYER_302,10
987,leftTorque,PLAYER_889,10
988,leftTorque,PLAYER_648,10
989,leftTorque,PLAYER_612,10
990,leftTorque,PLAYER_387,10
991,leftTorque,PLAYER_788,10
992,leftTorque,PLAYER_671,10
993,leftTorque,PLAYER_234,10
994,leftTorque,PLAYER_904,10
995,leftTorque,PLAYER_062,10
996,leftTorque,PLAYER_283,10
997,leftTorque,PLAYER_112,10
998,leftTorque,PLAYER_139,10
999,leftTorque,PLAYER_477,10
1000,leftTorque,PLAYER_566,10
1001,leftTorque,PLAYER_236,10
1002,rightMaxForce,PLAYER_465,10
1003,rightMaxForce,PLAYER_973,10
1004,rightMaxForce,PLAYER_663,10
1005,rightMaxForce,PLAYER_302,10
1006,rightMaxForce,PLAYER_889,10
1007,rightMaxForce,PLAYER_648,10
1008,rightMaxForce,PLAYER_612,10
1009,rightMaxForce,PLAYER_387,10
1010,rightMaxForce,PLAYER_788,10
1011,rightMaxForce,PLAYER_671,10
1012,rightMaxForce,PLAYER_234,10
1013,rightMaxForce,PLAYER_904,10
1014,rightMaxForce,PLAYER_062,10
1015,rightMaxForce,PLAYER_283,10
1016,rightMaxForce,PLAYER_1152,10
1017,rightMaxForce,PLAYER_112,10
1018,rightMaxForce,PLAYER_139,10
1019,rightMaxForce,PLAYER_009,10
1020,rightMaxForce,PLAYER_908,10
1021,rightMaxForce,PLAYER_1006,10
1022,rightMaxForce,PLAYER_566,10
1023,rightMaxForce,PLAYER_236,10
1024,rightMaxForce,PLAYER_037,10
1025,rightTorque,PLAYER_465,10
1026,rightTorque,PLAYER_973,10
1027,rightTorque,PLAYER_663,10
1028,rightTorque,PLAYER_302,10
1029,rightTorque,PLAYER_889,10
1030,rightTorque,PLAYER_648,10
1031,rightTorque,PLAYER_612,10
1032,rightTorque,PLAYER_387,10
1033,rightTorque,PLAYER_788,10
1034,rightTorque,PLAYER_671,10
1035,rightTorque,PLAYER_234,10
1036,rightTorque,PLAYER_904,10
1037,rightTorque,PLAYER_062,10
1038,rightTorque,PLAYER_283,10
1039,rightTorque,PLAYER_112,10
1040,rightTorque,PLAYER_139,10
1041,rightTorque,PLAYER_477,10
1042,rightTorque,PLAYER_566,10
1043,rightTorque,PLAYER_236,10
1044,accel_load_accum,PLAYER_353,9
1045,accel_load_accum,PLAYER_1084,9
1046,distance_total,PLAYER_353,9
1047,distance_total,PLAYER_1084,9
1048,leftMaxForce,PLAYER_488,9
1049,leftMaxForce,PLAYER_535,9
1050,leftMaxForce,PLAYER_745,9
1051,leftMaxForce,PLAYER_758,9
1052,leftMaxForce,PLAYER_178,9
1053,leftMaxForce,PLAYER_029,9
1054,leftMaxForce,PLAYER_016,9
1055,leftMaxForce,PLAYER_980,9
1056,leftMaxForce,PLAYER_775,9
1057,leftMaxForce,PLAYER_589,9
1058,leftMaxForce,PLAYER_728,9
1059,leftMaxForce,PLAYER_1049,9
1060,leftMaxForce,PLAYER_510,9
1061,leftMaxForce,PLAYER_1226,9
1062,leftMaxForce,PLAYER_607,9
1063,leftMaxForce,PLAYER_058,9
1064,leftMaxForce,PLAYER_374,9
1065,leftMaxForce,PLAYER_193,9
1066,leftMaxForce,PLAYER_353,9
1067,leftMaxForce,PLAYER_269,9
1068,leftMaxForce,PLAYER_1084,9
1069,leftTorque,PLAYER_488,9
1070,leftTorque,PLAYER_535,9
1071,leftTorque,PLAYER_745,9
1072,leftTorque,PLAYER_758,9
1073,leftTorque,PLAYER_178,9
1074,leftTorque,PLAYER_029,9
1075,leftTorque,PLAYER_016,9
1076,leftTorque,PLAYER_980,9
1077,leftTorque,PLAYER_775,9
1078,leftTorque,PLAYER_589,9
1079,leftTorque,PLAYER_728,9
1080,leftTorque,PLAYER_510,9
1081,leftTorque,PLAYER_1226,9
1082,leftTorque,PLAYER_607,9
1083,leftTorque,PLAYER_058,9
1084,leftTorque,PLAYER_1152,9
1085,leftTorque,PLAYER_374,9
1086,leftTorque,PLAYER_009,9
1087,leftTorque,PLAYER_908,9
1088,leftTorque,PLAYER_1006,9
1089,leftTorque,PLAYER_353,9
1090,leftTorque,PLAYER_037,9
1091,leftTorque,PLAYER_269,9
1092,leftTorque,PLAYER_1084,9
1093,rightMaxForce,PLAYER_488,9
1094,rightMaxForce,PLAYER_535,9
1095,rightMaxForce,PLAYER_745,9
1096,rightMaxForce,PLAYER_758,9
1097,rightMaxForce,PLAYER_178,9
1098,rightMaxForce,PLAYER_029,9
1099,rightMaxForce,PLAYER_016,9
1100,rightMaxForce,PLAYER_980,9
1101,rightMaxForce,PLAYER_775,9
1102,rightMaxForce,PLAYER_589,9
1103,rightMaxForce,PLAYER_728,9
1104,rightMaxForce,PLAYER_1049,9
1105,rightMaxForce,PLAYER_510,9
1106,rightMaxForce,PLAYER_1226,9
1107,rightMaxForce,PLAYER_607,9
1108,rightMaxForce,PLAYER_058,9
1109,rightMaxForce,PLAYER_670,9
1110,rightMaxForce,PLAYER_374,9
1111,rightMaxForce,PLAYER_193,9
1112,rightMaxForce,PLAYER_353,9
1113,rightMaxForce,PLAYER_269,9
1114,rightMaxForce,PLAYER_1084,9
1115,rightTorque,PLAYER_488,9
1116,rightTorque,PLAYER_535,9
1117,rightTorque,PLAYER_745,9
1118,rightTorque,PLAYER_758,9
1119,rightTorque,PLAYER_178,9
1120,rightTorque,PLAYER_029,9
1121,rightTorque,PLAYER_016,9
1122,rightTorque,PLAYER_980,9
1123,rightTorque,PLAYER_775,9
1124,rightTorque,PLAYER_589,9
1125,rightTorque,PLAYER_728,9
1126,rightTorque,PLAYER_510,9
1127,rightTorque,PLAYER_1226,9
1128,rightTorque,PLAYER_607,9
1129,rightTorque,PLAYER_058,9
1130,rightTorque,PLAYER_1152,9
1131,rightTorque,PLAYER_670,9
1132,rightTorque,PLAYER_374,9
1133,rightTorque,PLAYER_009,9
1134,rightTorque,PLAYER_908,9
1135,rightTorque,PLAYER_1006,9
1136,rightTorque,PLAYER_353,9
1137,rightTorque,PLAYER_037,9
1138,rightTorque,PLAYER_269,9
1139,rightTorque,PLAYER_1084,9
1140,leftMaxForce,PLAYER_1191,8
1141,leftMaxForce,PLAYER_766,8
1142,leftMaxForce,PLAYER_949,8
1143,leftMaxForce,PLAYER_840,8
1144,leftMaxForce,PLAYER_1117,8
1145,leftMaxForce,PLAYER_531,8
1146,leftMaxForce,PLAYER_710,8
1147,leftMaxForce,PLAYER_720,8
1148,leftMaxForce,PLAYER_822,8
1149,leftMaxForce,PLAYER_1218,8
1150,leftMaxForce,PLAYER_796,8
1151,leftMaxForce,PLAYER_1057,8
1152,leftMaxForce,PLAYER_866,8
1153,leftMaxForce,PLAYER_563,8
1154,leftMaxForce,PLAYER_179,8
1155,leftMaxForce,PLAYER_048,8
1156,leftMaxForce,PLAYER_117,8
1157,leftMaxForce,PLAYER_1149,8
1158,leftMaxForce,PLAYER_861,8
1159,leftMaxForce,PLAYER_1079,8
1160,leftMaxForce,PLAYER_789,8
1161,leftMaxForce,PLAYER_670,8
1162,leftMaxForce,PLAYER_033,8
1163,leftMaxForce,PLAYER_403,8
1164,leftMaxForce,PLAYER_223,8
1165,leftMaxForce,PLAYER_869,8
1166,leftTorque,PLAYER_1191,8
1167,leftTorque,PLAYER_766,8
1168,leftTorque,PLAYER_949,8
1169,leftTorque,PLAYER_840,8
1170,leftTorque,PLAYER_1117,8
1171,leftTorque,PLAYER_531,8
1172,leftTorque,PLAYER_720,8
1173,leftTorque,PLAYER_822,8
1174,leftTorque,PLAYER_1218,8
1175,leftTorque,PLAYER_796,8
1176,leftTorque,PLAYER_1049,8
1177,leftTorque,PLAYER_1057,8
1178,leftTorque,PLAYER_866,8
1179,leftTorque,PLAYER_563,8
1180,leftTorque,PLAYER_179,8
1181,leftTorque,PLAYER_048,8
1182,leftTorque,PLAYER_117,8
1183,leftTorque,PLAYER_1149,8
1184,leftTorque,PLAYER_861,8
1185,leftTorque,PLAYER_1079,8
1186,leftTorque,PLAYER_789,8
1187,leftTorque,PLAYER_670,8
1188,leftTorque,PLAYER_033,8
1189,leftTorque,PLAYER_403,8
1190,leftTorque,PLAYER_223,8
1191,leftTorque,PLAYER_869,8
1192,rightMaxForce,PLAYER_1191,8
1193,rightMaxForce,PLAYER_766,8
1194,rightMaxForce,PLAYER_949,8
1195,rightMaxForce,PLAYER_840,8
1196,rightMaxForce,PLAYER_1117,8
1197,rightMaxForce,PLAYER_531,8
1198,rightMaxForce,PLAYER_710,8
1199,rightMaxForce,PLAYER_720,8
1200,rightMaxForce,PLAYER_822,8
1201,rightMaxForce,PLAYER_1218,8
1202,rightMaxForce,PLAYER_796,8
1203,rightMaxForce,PLAYER_1057,8
1204,rightMaxForce,PLAYER_866,8
1205,rightMaxForce,PLAYER_563,8
1206,rightMaxForce,PLAYER_179,8
1207,rightMaxForce,PLAYER_048,8
1208,rightMaxForce,PLAYER_117,8
1209,rightMaxForce,PLAYER_1149,8
1210,rightMaxForce,PLAYER_861,8
1211,rightMaxForce,PLAYER_1079,8
1212,rightMaxForce,PLAYER_789,8
1213,rightMaxForce,PLAYER_033,8
1214,rightMaxForce,PLAYER_403,8
1215,rightMaxForce,PLAYER_223,8
1216,rightMaxForce,PLAYER_869,8
1217,rightTorque,PLAYER_1191,8
1218,rightTorque,PLAYER_766,8
1219,rightTorque,PLAYER_949,8
1220,rightTorque,PLAYER_840,8
1221,rightTorque,PLAYER_1117,8
1222,rightTorque,PLAYER_531,8
1223,rightTorque,PLAYER_720,8
1224,rightTorque,PLAYER_822,8
1225,rightTorque,PLAYER_1218,8
1226,rightTorque,PLAYER_796,8
1227,rightTorque,PLAYER_1049,8
1228,rightTorque,PLAYER_1057,8
1229,rightTorque,PLAYER_866,8
1230,rightTorque,PLAYER_563,8
1231,rightTorque,PLAYER_179,8
1232,rightTorque,PLAYER_048,8
1233,rightTorque,PLAYER_117,8
1234,rightTorque,PLAYER_1149,8
1235,rightTorque,PLAYER_861,8
1236,rightTorque,PLAYER_1079,8
1237,rightTorque,PLAYER_789,8
1238,rightTorque,PLAYER_033,8
1239,rightTorque,PLAYER_403,8
1240,rightTorque,PLAYER_223,8
1241,rightTorque,PLAYER_869,8
1242,accel_load_accum,PLAYER_914,7
1243,distance_total,PLAYER_914,7
1244,leftMaxForce,PLAYER_792,7
1245,leftMaxForce,PLAYER_142,7
1246,leftMaxForce,PLAYER_381,7
1247,leftMaxForce,PLAYER_742,7
1248,leftMaxForce,PLAYER_1159,7
1249,leftMaxForce,PLAYER_1038,7
1250,leftMaxForce,PLAYER_055,7
1251,leftMaxForce,PLAYER_444,7
1252,leftMaxForce,PLAYER_221,7
1253,leftMaxForce,PLAYER_673,7
1254,leftMaxForce,PLAYER_1189,7
1255,leftMaxForce,PLAYER_1109,7
1256,leftMaxForce,PLAYER_874,7
1257,leftMaxForce,PLAYER_219,7
1258,leftMaxForce,PLAYER_060,7
1259,leftMaxForce,PLAYER_1197,7
1260,leftMaxForce,PLAYER_017,7
1261,leftMaxForce,PLAYER_657,7
1262,leftMaxForce,PLAYER_1207,7
1263,leftMaxForce,PLAYER_995,7
1264,leftMaxForce,PLAYER_413,7
1265,leftMaxForce,PLAYER_574,7
1266,leftTorque,PLAYER_792,7
1267,leftTorque,PLAYER_142,7
1268,leftTorque,PLAYER_381,7
1269,leftTorque,PLAYER_742,7
1270,leftTorque,PLAYER_1159,7
1271,leftTorque,PLAYER_1038,7
1272,leftTorque,PLAYER_055,7
1273,leftTorque,PLAYER_444,7
1274,leftTorque,PLAYER_710,7
1275,leftTorque,PLAYER_221,7
1276,leftTorque,PLAYER_673,7
1277,leftTorque,PLAYER_1189,7
1278,leftTorque,PLAYER_1109,7
1279,leftTorque,PLAYER_874,7
1280,leftTorque,PLAYER_219,7
1281,leftTorque,PLAYER_060,7
1282,leftTorque,PLAYER_1197,7
1283,leftTorque,PLAYER_017,7
1284,leftTorque,PLAYER_657,7
1285,leftTorque,PLAYER_1207,7
1286,leftTorque,PLAYER_995,7
1287,leftTorque,PLAYER_413,7
1288,rightMaxForce,PLAYER_792,7
1289,rightMaxForce,PLAYER_142,7
1290,rightMaxForce,PLAYER_381,7
1291,rightMaxForce,PLAYER_742,7
1292,rightMaxForce,PLAYER_1159,7
1293,rightMaxForce,PLAYER_1038,7
1294,rightMaxForce,PLAYER_055,7
1295,rightMaxForce,PLAYER_444,7
1296,rightMaxForce,PLAYER_221,7
1297,rightMaxForce,PLAYER_673,7
1298,rightMaxForce,PLAYER_1189,7
1299,rightMaxForce,PLAYER_1109,7
1300,rightMaxForce,PLAYER_874,7
1301,rightMaxForce,PLAYER_219,7
1302,rightMaxForce,PLAYER_060,7
1303,rightMaxForce,PLAYER_1197,7
1304,rightMaxForce,PLAYER_017,7
1305,rightMaxForce,PLAYER_657,7
1306,rightMaxForce,PLAYER_1207,7
1307,rightMaxForce,PLAYER_995,7
1308,rightMaxForce,PLAYER_413,7
1309,rightMaxForce,PLAYER_574,7
1310,rightTorque,PLAYER_792,7
1311,rightTorque,PLAYER_142,7
1312,rightTorque,PLAYER_381,7
1313,rightTorque,PLAYER_742,7
1314,rightTorque,PLAYER_1159,7
1315,rightTorque,PLAYER_1038,7
1316,rightTorque,PLAYER_055,7
1317,rightTorque,PLAYER_444,7
1318,rightTorque,PLAYER_710,7
1319,rightTorque,PLAYER_221,7
1320,rightTorque,PLAYER_673,7
1321,rightTorque,PLAYER_1189,7
1322,rightTorque,PLAYER_1109,7
1323,rightTorque,PLAYER_874,7
1324,rightTorque,PLAYER_219,7
1325,rightTorque,PLAYER_060,7
1326,rightTorque,PLAYER_1197,7
1327,rightTorque,PLAYER_017,7
1328,rightTorque,PLAYER_657,7
1329,rightTorque,PLAYER_1207,7
1330,rightTorque,PLAYER_995,7
1331,rightTorque,PLAYER_413,7
1332,leftMaxForce,PLAYER_384,6
1333,leftMaxForce,PLAYER_884,6
1334,leftMaxForce,PLAYER_301,6
1335,leftMaxForce,PLAYER_349,6
1336,leftMaxForce,PLAYER_346,6
1337,leftMaxForce,PLAYER_1141,6
1338,leftMaxForce,PLAYER_1250,6
1339,leftMaxForce,PLAYER_1251,6
1340,leftMaxForce,PLAYER_299,6
1341,leftMaxForce,PLAYER_1134,6
1342,leftMaxForce,PLAYER_462,6
1343,leftMaxForce,PLAYER_517,6
1344,leftMaxForce,PLAYER_988,6
1345,leftMaxForce,PLAYER_514,6
1346,leftMaxForce,PLAYER_385,6
1347,leftMaxForce,PLAYER_1201,6
1348,leftMaxForce,PLAYER_417,6
1349,leftMaxForce,PLAYER_486,6
1350,leftMaxForce,PLAYER_809,6
1351,leftMaxForce,PLAYER_1198,6
1352,leftMaxForce,PLAYER_746,6
1353,leftMaxForce,PLAYER_552,6
1354,leftTorque,PLAYER_384,6
1355,leftTorque,PLAYER_884,6
1356,leftTorque,PLAYER_301,6
1357,leftTorque,PLAYER_349,6
1358,leftTorque,PLAYER_346,6
1359,leftTorque,PLAYER_1141,6
1360,leftTorque,PLAYER_1250,6
1361,leftTorque,PLAYER_1251,6
1362,leftTorque,PLAYER_299,6
1363,leftTorque,PLAYER_1134,6
1364,leftTorque,PLAYER_462,6
1365,leftTorque,PLAYER_517,6
1366,leftTorque,PLAYER_988,6
1367,leftTorque,PLAYER_514,6
1368,leftTorque,PLAYER_193,6
1369,leftTorque,PLAYER_1201,6
1370,leftTorque,PLAYER_417,6
1371,leftTorque,PLAYER_486,6
1372,leftTorque,PLAYER_809,6
1373,leftTorque,PLAYER_1198,6
1374,leftTorque,PLAYER_746,6
1375,leftTorque,PLAYER_552,6
1376,leftTorque,PLAYER_574,6
1377,rightMaxForce,PLAYER_384,6
1378,rightMaxForce,PLAYER_884,6
1379,rightMaxForce,PLAYER_301,6
1380,rightMaxForce,PLAYER_349,6
1381,rightMaxForce,PLAYER_346,6
1382,rightMaxForce,PLAYER_1141,6
1383,rightMaxForce,PLAYER_1250,6
1384,rightMaxForce,PLAYER_1251,6
1385,rightMaxForce,PLAYER_299,6
1386,rightMaxForce,PLAYER_1134,6
1387,rightMaxForce,PLAYER_462,6
1388,rightMaxForce,PLAYER_517,6
1389,rightMaxForce,PLAYER_988,6
1390,rightMaxForce,PLAYER_514,6
1391,rightMaxForce,PLAYER_385,6
1392,rightMaxForce,PLAYER_1201,6
1393,rightMaxForce,PLAYER_417,6
1394,rightMaxForce,PLAYER_486,6
1395,rightMaxForce,PLAYER_809,6
1396,rightMaxForce,PLAYER_1198,6
1397,rightMaxForce,PLAYER_746,6
1398,rightMaxForce,PLAYER_552,6
1399,rightTorque,PLAYER_384,6
1400,rightTorque,PLAYER_884,6
1401,rightTorque,PLAYER_301,6
1402,rightTorque,PLAYER_349,6
1403,rightTorque,PLAYER_346,6
1404,rightTorque,PLAYER_1141,6
1405,rightTorque,PLAYER_1250,6
1406,rightTorque,PLAYER_1251,6
1407,rightTorque,PLAYER_299,6
1408,rightTorque,PLAYER_1134,6
1409,rightTorque,PLAYER_462,6
1410,rightTorque,PLAYER_517,6
1411,rightTorque,PLAYER_988,6
1412,rightTorque,PLAYER_514,6
1413,rightTorque,PLAYER_193,6
1414,rightTorque,PLAYER_1201,6
1415,rightTorque,PLAYER_417,6
1416,rightTorque,PLAYER_486,6
1417,rightTorque,PLAYER_809,6
1418,rightTorque,PLAYER_1198,6
1419,rightTorque,PLAYER_746,6
1420,rightTorque,PLAYER_552,6
1421,rightTorque,PLAYER_574,6
1422,leftMaxForce,PLAYER_1143,5
1423,leftMaxForce,PLAYER_073,5
1424,leftMaxForce,PLAYER_1182,5
1425,leftMaxForce,PLAYER_102,5
1426,leftMaxForce,PLAYER_520,5
1427,leftMaxForce,PLAYER_1108,5
1428,leftMaxForce,PLAYER_1229,5
1429,leftMaxForce,PLAYER_1199,5
1430,leftMaxForce,PLAYER_147,5
1431,leftMaxForce,PLAYER_1131,5
1432,leftMaxForce,PLAYER_990,5
1433,leftMaxForce,PLAYER_337,5
1434,leftMaxForce,PLAYER_358,5
1435,leftMaxForce,PLAYER_1200,5
1436,leftMaxForce,PLAYER_414,5
1437,leftMaxForce,PLAYER_862,5
1438,leftMaxForce,PLAYER_1065,5
1439,leftMaxForce,PLAYER_1227,5
1440,leftMaxForce,PLAYER_043,5
1441,leftMaxForce,PLAYER_604,5
1442,leftMaxForce,PLAYER_779,5
1443,leftMaxForce,PLAYER_220,5
1444,leftMaxForce,PLAYER_560,5
1445,leftMaxForce,PLAYER_1265,5
1446,leftMaxForce,PLAYER_900,5
1447,leftMaxForce,PLAYER_464,5
1448,leftMaxForce,PLAYER_124,5
1449,leftMaxForce,PLAYER_379,5
1450,leftMaxForce,PLAYER_480,5
1451,leftMaxForce,PLAYER_1171,5
1452,leftMaxForce,PLAYER_262,5
1453,leftMaxForce,PLAYER_571,5
1454,leftTorque,PLAYER_1143,5
1455,leftTorque,PLAYER_073,5
1456,leftTorque,PLAYER_1182,5
1457,leftTorque,PLAYER_102,5
1458,leftTorque,PLAYER_520,5
1459,leftTorque,PLAYER_1108,5
1460,leftTorque,PLAYER_1229,5
1461,leftTorque,PLAYER_1199,5
1462,leftTorque,PLAYER_147,5
1463,leftTorque,PLAYER_1131,5
1464,leftTorque,PLAYER_990,5
1465,leftTorque,PLAYER_337,5
1466,leftTorque,PLAYER_358,5
1467,leftTorque,PLAYER_1200,5
1468,leftTorque,PLAYER_385,5
1469,leftTorque,PLAYER_862,5
1470,leftTorque,PLAYER_1227,5
1471,leftTorque,PLAYER_604,5
1472,leftTorque,PLAYER_779,5
1473,leftTorque,PLAYER_220,5
1474,leftTorque,PLAYER_560,5
1475,leftTorque,PLAYER_1265,5
1476,leftTorque,PLAYER_900,5
1477,leftTorque,PLAYER_464,5
1478,leftTorque,PLAYER_124,5
1479,leftTorque,PLAYER_379,5
1480,leftTorque,PLAYER_480,5
1481,leftTorque,PLAYER_1171,5
1482,leftTorque,PLAYER_262,5
1483,leftTorque,PLAYER_571,5
1484,rightMaxForce,PLAYER_1143,5
1485,rightMaxForce,PLAYER_073,5
1486,rightMaxForce,PLAYER_1182,5
1487,rightMaxForce,PLAYER_102,5
1488,rightMaxForce,PLAYER_520,5
1489,rightMaxForce,PLAYER_1108,5
1490,rightMaxForce,PLAYER_1229,5
1491,rightMaxForce,PLAYER_1199,5
1492,rightMaxForce,PLAYER_147,5
1493,rightMaxForce,PLAYER_1131,5
1494,rightMaxForce,PLAYER_990,5
1495,rightMaxForce,PLAYER_337,5
1496,rightMaxForce,PLAYER_358,5
1497,rightMaxForce,PLAYER_1200,5
1498,rightMaxForce,PLAYER_414,5
1499,rightMaxForce,PLAYER_862,5
1500,rightMaxForce,PLAYER_1065,5
1501,rightMaxForce,PLAYER_1227,5
1502,rightMaxForce,PLAYER_043,5
1503,rightMaxForce,PLAYER_604,5
1504,rightMaxForce,PLAYER_779,5
1505,rightMaxForce,PLAYER_220,5
1506,rightMaxForce,PLAYER_560,5
1507,rightMaxForce,PLAYER_1265,5
1508,rightMaxForce,PLAYER_900,5
1509,rightMaxForce,PLAYER_464,5
1510,rightMaxForce,PLAYER_124,5
1511,rightMaxForce,PLAYER_379,5
1512,rightMaxForce,PLAYER_480,5
1513,rightMaxForce,PLAYER_1171,5
1514,rightMaxForce,PLAYER_262,5
1515,rightMaxForce,PLAYER_571,5
1516,rightTorque,PLAYER_1143,5
1517,rightTorque,PLAYER_073,5
1518,rightTorque,PLAYER_1182,5
1519,rightTorque,PLAYER_102,5
1520,rightTorque,PLAYER_520,5
1521,rightTorque,PLAYER_1108,5
1522,rightTorque,PLAYER_1229,5
1523,rightTorque,PLAYER_1199,5
1524,rightTorque,PLAYER_147,5
1525,rightTorque,PLAYER_1131,5
1526,rightTorque,PLAYER_990,5
1527,rightTorque,PLAYER_337,5
1528,rightTorque,PLAYER_358,5
1529,rightTorque,PLAYER_1200,5
1530,rightTorque,PLAYER_385,5
1531,rightTorque,PLAYER_862,5
1532,rightTorque,PLAYER_1227,5
1533,rightTorque,PLAYER_604,5
1534,rightTorque,PLAYER_779,5
1535,rightTorque,PLAYER_220,5
1536,rightTorque,PLAYER_560,5
1537,rightTorque,PLAYER_1265,5
1538,rightTorque,PLAYER_900,5
1539,rightTorque,PLAYER_464,5
1540,rightTorque,PLAYER_124,5
1541,rightTorque,PLAYER_379,5
1542,rightTorque,PLAYER_480,5
1543,rightTorque,PLAYER_1171,5
1544,rightTorque,PLAYER_262,5
1545,rightTorque,PLAYER_571,5
