,timestamp,metric,value,playername,team
1924,2025-10-20 18:31:00,accel_load_accum,880.723385,PLAYER_755,Mens Basketball
1925,2025-10-20 18:31:00,distance_total,5753.34962,PLAYER_755,Mens Basketball
1926,2025-10-18 16:26:55,distance_total,4143.092499,PLAYER_755,Mens Basketball
1927,2025-10-18 16:26:55,accel_load_accum,679.685801,PLAYER_755,Mens Basketball
1928,2025-10-17 18:12:28,accel_load_accum,664.880367,PLAYER_755,Mens Basketball
1929,2025-10-17 18:12:28,distance_total,4360.355708,PLAYER_755,Mens Basketball
1930,2025-10-15 18:07:30,distance_total,4132.099523,PLAYER_755,Mens Basketball
1931,2025-10-15 18:07:30,accel_load_accum,607.8273,PLAYER_755,Mens Basketball
1932,2025-10-14 18:06:21,accel_load_accum,623.876374,PLAYER_755,Mens Basketball
1933,2025-10-14 18:06:21,distance_total,4048.952766,PLAYER_755,Mens Basketball
1934,2025-10-13 20:26:03,distance_total,4843.197732,PLAYER_755,Mens Basketball
1935,2025-10-13 20:26:03,accel_load_accum,710.558803,PLAYER_755,Mens Basketball
1936,2025-10-10 10:56:32,accel_load_accum,549.277451,PLAYER_755,Mens Basketball
1937,2025-10-10 10:56:32,distance_total,4093.136119,PLAYER_755,Mens Basketball
1938,2025-10-09 17:09:47,distance_total,5412.466932,PLAYER_755,Mens Basketball
1939,2025-10-09 17:09:47,accel_load_accum,805.358804,PLAYER_755,Mens Basketball
1940,2025-10-07 17:33:04,accel_load_accum,676.151363,PLAYER_755,Mens Basketball
1941,2025-10-07 17:33:04,distance_total,4572.447364,PLAYER_755,Mens Basketball
1942,2025-10-06 18:46:04,distance_total,3713.931525,PLAYER_755,Mens Basketball
1943,2025-10-06 18:46:04,accel_load_accum,581.138491,PLAYER_755,Mens Basketball
1944,2025-10-04 15:24:13,accel_load_accum,548.889794,PLAYER_755,Mens Basketball
1945,2025-10-04 15:24:13,distance_total,3900.037734,PLAYER_755,Mens Basketball
1946,2025-10-03 18:31:18,distance_total,4192.196832,PLAYER_755,Mens Basketball
1947,2025-10-03 18:31:18,accel_load_accum,632.320221,PLAYER_755,Mens Basketball
1948,2025-10-01 18:12:03,accel_load_accum,667.906275,PLAYER_755,Mens Basketball
1949,2025-10-01 18:12:03,distance_total,4842.264449,PLAYER_755,Mens Basketball
1950,2025-09-30 17:27:01,distance_total,3942.701606,PLAYER_755,Mens Basketball
1951,2025-09-30 17:27:01,accel_load_accum,616.577183,PLAYER_755,Mens Basketball
1952,2025-09-30 14:45:00,accel_load_accum,31.058343,PLAYER_755,Mens Basketball
1953,2025-09-30 14:45:00,distance_total,230.091197,PLAYER_755,Mens Basketball
1954,2025-09-29 18:17:37,distance_total,4875.490821,PLAYER_755,Mens Basketball
1955,2025-09-29 18:17:37,accel_load_accum,690.421775,PLAYER_755,Mens Basketball
1956,2025-09-27 11:00:00,accel_load_accum,769.364384,PLAYER_755,Mens Basketball
1957,2025-09-27 11:00:00,distance_total,5551.822615,PLAYER_755,Mens Basketball
1958,2025-09-26 18:14:39,distance_total,4915.207234,PLAYER_755,Mens Basketball
1959,2025-09-26 18:14:39,accel_load_accum,751.059326,PLAYER_755,Mens Basketball
1960,2025-09-24 17:28:07,accel_load_accum,625.03476,PLAYER_755,Mens Basketball
1961,2025-09-24 17:28:07,distance_total,4173.682234,PLAYER_755,Mens Basketball
1962,2025-09-23 18:13:25,distance_total,4396.199096,PLAYER_755,Mens Basketball
1963,2025-09-23 18:13:25,accel_load_accum,649.082078,PLAYER_755,Mens Basketball
1964,2025-09-22 18:10:59,accel_load_accum,695.680254,PLAYER_755,Mens Basketball
1965,2025-09-22 18:10:59,distance_total,4810.106676,PLAYER_755,Mens Basketball
1966,2025-09-19 11:00:00,distance_total,2429.737182,PLAYER_755,Mens Basketball
1967,2025-09-19 11:00:00,accel_load_accum,361.230844,PLAYER_755,Mens Basketball
1968,2025-09-18 17:45:00,accel_load_accum,500.323007,PLAYER_755,Mens Basketball
1969,2025-09-18 17:45:00,distance_total,3401.126381,PLAYER_755,Mens Basketball
1970,2025-09-16 17:30:00,distance_total,3247.871601,PLAYER_755,Mens Basketball
1971,2025-09-16 17:30:00,accel_load_accum,479.659725,PLAYER_755,Mens Basketball
1972,2025-09-15 17:00:00,accel_load_accum,526.037414,PLAYER_755,Mens Basketball
1973,2025-09-15 17:00:00,distance_total,4032.598248,PLAYER_755,Mens Basketball
1974,2025-09-11 17:30:00,distance_total,2714.045251,PLAYER_755,Mens Basketball
1975,2025-09-11 17:30:00,accel_load_accum,414.605922,PLAYER_755,Mens Basketball
1976,2025-09-11 15:00:00,accel_load_accum,88.436091,PLAYER_755,Mens Basketball
1977,2025-09-11 15:00:00,distance_total,542.218415,PLAYER_755,Mens Basketball
1978,2025-09-10 17:15:00,distance_total,3426.942893,PLAYER_755,Mens Basketball
1979,2025-09-10 17:15:00,accel_load_accum,492.147262,PLAYER_755,Mens Basketball
1980,2025-09-09 17:45:00,accel_load_accum,448.900186,PLAYER_755,Mens Basketball
1981,2025-09-09 17:45:00,distance_total,3084.920958,PLAYER_755,Mens Basketball
1982,2025-09-09 15:00:00,distance_total,340.962551,PLAYER_755,Mens Basketball
1983,2025-09-09 15:00:00,accel_load_accum,47.829881,PLAYER_755,Mens Basketball
1984,2025-09-08 17:30:00,accel_load_accum,450.069313,PLAYER_755,Mens Basketball
1985,2025-09-08 17:30:00,distance_total,3135.840367,PLAYER_755,Mens Basketball
1986,2025-09-05 19:30:00,distance_total,2506.946001,PLAYER_755,Mens Basketball
1987,2025-09-05 19:30:00,accel_load_accum,344.297804,PLAYER_755,Mens Basketball
1988,2025-09-05 19:00:59,leftMaxForce,386.0,PLAYER_755,Men's Basketball
1989,2025-09-05 19:00:59,leftTorque,203.229,PLAYER_755,Men's Basketball
1990,2025-09-05 19:00:59,rightMaxForce,300.25,PLAYER_755,Men's Basketball
1991,2025-09-05 19:00:59,rightTorque,158.081625,PLAYER_755,Men's Basketball
1992,2025-09-04 17:30:00,accel_load_accum,474.815061,PLAYER_755,Mens Basketball
1993,2025-09-04 17:30:00,distance_total,3520.513743,PLAYER_755,Mens Basketball
1994,2025-09-04 17:00:00,distance_total,378.373215,PLAYER_755,Mens Basketball
1995,2025-09-04 17:00:00,accel_load_accum,57.498649,PLAYER_755,Mens Basketball
1996,2025-09-03 18:45:00,accel_load_accum,490.577285,PLAYER_755,Mens Basketball
1997,2025-09-03 18:45:00,distance_total,3625.477239,PLAYER_755,Mens Basketball
1998,2025-08-06 13:00:00,distance_total,3144.120883,PLAYER_755,Mens Basketball
1999,2025-08-06 13:00:00,accel_load_accum,448.326085,PLAYER_755,Mens Basketball
2000,2025-08-05 13:00:00,accel_load_accum,471.809498,PLAYER_755,Mens Basketball
2001,2025-08-05 13:00:00,distance_total,3461.136897,PLAYER_755,Mens Basketball
2002,2025-08-04 13:00:00,distance_total,3754.706154,PLAYER_755,Mens Basketball
2003,2025-08-04 13:00:00,accel_load_accum,531.085121,PLAYER_755,Mens Basketball
2004,2025-07-24 13:00:00,accel_load_accum,539.645426,PLAYER_755,Mens Basketball
2005,2025-07-24 13:00:00,distance_total,3768.091976,PLAYER_755,Mens Basketball
2006,2025-07-23 13:00:00,distance_total,3667.807001,PLAYER_755,Mens Basketball
2007,2025-07-23 13:00:00,accel_load_accum,518.143134,PLAYER_755,Mens Basketball
2008,2025-07-22 13:00:06,accel_load_accum,700.933857,PLAYER_755,Mens Basketball
2009,2025-07-22 13:00:06,distance_total,5379.424783,PLAYER_755,Mens Basketball
2010,2025-07-21 13:00:00,distance_total,3816.666622,PLAYER_755,Mens Basketball
2011,2025-07-21 13:00:00,accel_load_accum,543.432941,PLAYER_755,Mens Basketball
2012,2025-07-18 13:00:00,accel_load_accum,275.442357,PLAYER_755,Mens Basketball
2013,2025-07-18 13:00:00,distance_total,2574.517258,PLAYER_755,Mens Basketball
2014,2025-07-16 11:30:00,distance_total,2946.287797,PLAYER_755,Mens Basketball
2015,2025-07-16 11:30:00,accel_load_accum,425.890422,PLAYER_755,Mens Basketball
2016,2025-07-15 11:00:00,accel_load_accum,547.356177,PLAYER_755,Mens Basketball
2017,2025-07-15 11:00:00,distance_total,3921.897562,PLAYER_755,Mens Basketball
2018,2025-07-14 19:00:00,distance_total,2793.147611,PLAYER_755,Mens Basketball
2019,2025-07-14 19:00:00,accel_load_accum,401.834167,PLAYER_755,Mens Basketball
2020,2025-07-10 11:00:00,accel_load_accum,616.222413,PLAYER_755,Mens Basketball
2021,2025-07-10 11:00:00,distance_total,4381.964927,PLAYER_755,Mens Basketball
2022,2025-07-09 11:00:00,distance_total,3777.660106,PLAYER_755,Mens Basketball
2023,2025-07-09 11:00:00,accel_load_accum,541.642845,PLAYER_755,Mens Basketball
2024,2025-07-08 11:00:00,accel_load_accum,498.780859,PLAYER_755,Mens Basketball
2025,2025-07-08 11:00:00,distance_total,3470.712812,PLAYER_755,Mens Basketball
2026,2025-07-03 13:00:00,distance_total,3768.181192,PLAYER_755,Mens Basketball
2027,2025-07-03 13:00:00,accel_load_accum,555.167801,PLAYER_755,Mens Basketball
2028,2025-07-02 13:00:00,accel_load_accum,536.480886,PLAYER_755,Mens Basketball
2029,2025-07-02 13:00:00,distance_total,3499.954831,PLAYER_755,Mens Basketball
2030,2025-07-01 13:00:00,distance_total,3295.430544,PLAYER_755,Mens Basketball
2031,2025-07-01 13:00:00,accel_load_accum,471.590279,PLAYER_755,Mens Basketball
2032,2025-06-30 13:00:00,accel_load_accum,576.367728,PLAYER_755,Mens Basketball
2033,2025-06-30 13:00:00,distance_total,4183.183512,PLAYER_755,Mens Basketball
2034,2025-06-26 13:00:00,distance_total,4224.319945,PLAYER_755,Mens Basketball
2035,2025-06-26 13:00:00,accel_load_accum,613.187658,PLAYER_755,Mens Basketball
2036,2025-06-25 13:00:00,accel_load_accum,526.421091,PLAYER_755,Mens Basketball
2037,2025-06-25 13:00:00,distance_total,3379.225341,PLAYER_755,Mens Basketball
2038,2025-06-24 13:00:00,distance_total,3258.840222,PLAYER_755,Mens Basketball
2039,2025-06-24 13:00:00,accel_load_accum,495.054459,PLAYER_755,Mens Basketball
2040,2025-06-23 15:00:00,accel_load_accum,437.802801,PLAYER_755,Mens Basketball
2041,2025-06-23 15:00:00,distance_total,3012.864661,PLAYER_755,Mens Basketball
2042,2025-06-23 14:21:15,leftMaxForce,421.5,PLAYER_755,Men's Basketball
2043,2025-06-23 14:21:15,leftTorque,221.91975,PLAYER_755,Men's Basketball
2044,2025-06-23 14:21:15,rightMaxForce,345.5,PLAYER_755,Men's Basketball
2045,2025-06-23 14:21:15,rightTorque,181.90575,PLAYER_755,Men's Basketball
2046,2025-05-01 15:00:08,distance_total,3952.369049,PLAYER_755,Mens Basketball
2047,2025-05-01 15:00:08,accel_load_accum,579.308901,PLAYER_755,Mens Basketball
2048,2025-04-29 15:00:11,accel_load_accum,595.378436,PLAYER_755,Mens Basketball
2049,2025-04-29 15:00:11,distance_total,3544.260531,PLAYER_755,Mens Basketball
2050,2025-04-28 15:00:02,distance_total,3288.655253,PLAYER_755,Mens Basketball
2051,2025-04-28 15:00:02,accel_load_accum,473.671317,PLAYER_755,Mens Basketball
2052,2025-04-24 14:00:39,accel_load_accum,9.248824,PLAYER_755,Mens Basketball
2053,2025-04-24 14:00:39,distance_total,72.070706,PLAYER_755,Mens Basketball
2054,2025-04-22 15:00:20,distance_total,3700.388243,PLAYER_755,Mens Basketball
2055,2025-04-22 15:00:20,accel_load_accum,542.636963,PLAYER_755,Mens Basketball
2056,2025-04-21 15:00:57,accel_load_accum,503.976879,PLAYER_755,Mens Basketball
2057,2025-04-21 15:00:57,distance_total,3303.016862,PLAYER_755,Mens Basketball
2058,2025-04-18 12:00:16,distance_total,4051.481435,PLAYER_755,Mens Basketball
2059,2025-04-18 12:00:16,accel_load_accum,602.871193,PLAYER_755,Mens Basketball
2060,2025-04-17 15:00:06,accel_load_accum,531.335955,PLAYER_755,Mens Basketball
2061,2025-04-17 15:00:06,distance_total,3620.152611,PLAYER_755,Mens Basketball
2062,2025-04-15 15:00:00,distance_total,4149.868158,PLAYER_755,Mens Basketball
2063,2025-04-15 15:00:00,accel_load_accum,607.809836,PLAYER_755,Mens Basketball
2064,2025-04-14 15:00:43,accel_load_accum,580.946416,PLAYER_755,Mens Basketball
2065,2025-04-14 15:00:43,distance_total,4073.048973,PLAYER_755,Mens Basketball
2066,2025-04-11 12:00:02,distance_total,4502.4819,PLAYER_755,Mens Basketball
2067,2025-04-11 12:00:02,accel_load_accum,602.647882,PLAYER_755,Mens Basketball
2068,2025-04-10 15:00:00,accel_load_accum,661.07072,PLAYER_755,Mens Basketball
2069,2025-04-10 15:00:00,distance_total,4576.432171,PLAYER_755,Mens Basketball
2070,2025-04-08 15:00:00,distance_total,4093.774876,PLAYER_755,Mens Basketball
2071,2025-04-08 15:00:00,accel_load_accum,576.9452,PLAYER_755,Mens Basketball
2072,2025-04-07 15:00:00,accel_load_accum,657.801105,PLAYER_755,Mens Basketball
2073,2025-04-07 15:00:00,distance_total,4819.825317,PLAYER_755,Mens Basketball
2074,2025-04-04 16:19:41,leftMaxForce,370.5,PLAYER_755,Men's Basketball
2075,2025-04-04 16:19:41,leftTorque,195.06825,PLAYER_755,Men's Basketball
2076,2025-04-04 16:19:41,rightMaxForce,298.75,PLAYER_755,Men's Basketball
2077,2025-04-04 16:19:41,rightTorque,157.291875,PLAYER_755,Men's Basketball
2078,2025-04-02 15:00:39,distance_total,4014.283793,PLAYER_755,Mens Basketball
2079,2025-04-02 15:00:39,accel_load_accum,560.531155,PLAYER_755,Mens Basketball
2080,2025-04-01 15:00:00,accel_load_accum,582.221324,PLAYER_755,Mens Basketball
2081,2025-04-01 15:00:00,distance_total,4403.457919,PLAYER_755,Mens Basketball
2082,2025-03-31 13:05:16,distance_total,4220.599923,PLAYER_755,Mens Basketball
2083,2025-03-31 13:05:16,accel_load_accum,606.069872,PLAYER_755,Mens Basketball
2084,2025-03-28 15:00:54,accel_load_accum,535.911627,PLAYER_755,Mens Basketball
2085,2025-03-28 15:00:54,distance_total,3846.874166,PLAYER_755,Mens Basketball
2086,2025-03-28 15:00:26,distance_total,3875.57905,PLAYER_755,Mens Basketball
2087,2025-03-28 15:00:26,accel_load_accum,538.589631,PLAYER_755,Mens Basketball
2088,2025-03-25 15:00:32,accel_load_accum,1.954662,PLAYER_755,Mens Basketball
2089,2025-03-25 15:00:32,distance_total,0.02895,PLAYER_755,Mens Basketball
2090,2025-03-25 12:30:26,distance_total,3166.354145,PLAYER_755,Mens Basketball
2091,2025-03-25 12:30:26,accel_load_accum,515.347816,PLAYER_755,Mens Basketball
2092,2025-03-24 15:00:25,accel_load_accum,521.653308,PLAYER_755,Mens Basketball
2093,2025-03-24 15:00:25,distance_total,3189.46325,PLAYER_755,Mens Basketball
2094,2025-03-01 22:05:36,distance_total,4812.715372,PLAYER_755,Mens Basketball
2095,2025-03-01 22:05:36,accel_load_accum,688.586656,PLAYER_755,Mens Basketball
2096,2025-02-22 18:10:25,accel_load_accum,671.211756,PLAYER_755,Mens Basketball
2097,2025-02-22 18:10:25,distance_total,4556.830861,PLAYER_755,Mens Basketball
2098,2025-02-21 15:55:18,distance_total,3417.920159,PLAYER_755,Mens Basketball
2099,2025-02-21 15:55:18,accel_load_accum,459.335598,PLAYER_755,Mens Basketball
2100,2025-02-20 16:00:03,accel_load_accum,701.307808,PLAYER_755,Mens Basketball
2101,2025-02-20 16:00:03,distance_total,5164.059045,PLAYER_755,Mens Basketball
2102,2025-02-18 15:30:52,distance_total,4924.216134,PLAYER_755,Mens Basketball
2103,2025-02-18 15:30:52,accel_load_accum,693.731319,PLAYER_755,Mens Basketball
2104,2025-02-17 16:05:04,accel_load_accum,477.450327,PLAYER_755,Mens Basketball
2105,2025-02-17 16:05:04,distance_total,3416.526446,PLAYER_755,Mens Basketball
2106,2025-02-15 19:40:05,distance_total,4246.510928,PLAYER_755,Mens Basketball
2107,2025-02-15 19:40:05,accel_load_accum,610.117318,PLAYER_755,Mens Basketball
2108,2025-02-13 21:10:08,accel_load_accum,556.286081,PLAYER_755,Mens Basketball
2109,2025-02-13 21:10:08,distance_total,4099.849276,PLAYER_755,Mens Basketball
2110,2025-02-12 15:45:22,distance_total,3474.962957,PLAYER_755,Mens Basketball
2111,2025-02-12 15:45:22,accel_load_accum,488.134412,PLAYER_755,Mens Basketball
2112,2025-02-11 15:58:33,accel_load_accum,494.711948,PLAYER_755,Mens Basketball
2113,2025-02-11 15:58:33,distance_total,3328.503837,PLAYER_755,Mens Basketball
2114,2025-02-10 15:58:17,distance_total,3740.195193,PLAYER_755,Mens Basketball
2115,2025-02-10 15:58:17,accel_load_accum,508.54553,PLAYER_755,Mens Basketball
2116,2025-02-08 20:10:42,accel_load_accum,816.040429,PLAYER_755,Mens Basketball
2117,2025-02-08 20:10:42,distance_total,5876.572004,PLAYER_755,Mens Basketball
2118,2025-02-06 22:35:00,distance_total,4183.234598,PLAYER_755,Mens Basketball
2119,2025-02-06 22:35:00,accel_load_accum,610.434252,PLAYER_755,Mens Basketball
2120,2025-02-05 15:55:49,accel_load_accum,542.341474,PLAYER_755,Mens Basketball
2121,2025-02-05 15:55:49,distance_total,3618.715904,PLAYER_755,Mens Basketball
2122,2025-02-04 15:35:24,distance_total,4896.954449,PLAYER_755,Mens Basketball
2123,2025-02-04 15:35:24,accel_load_accum,708.61912,PLAYER_755,Mens Basketball
2124,2025-02-03 16:30:56,accel_load_accum,398.841866,PLAYER_755,Mens Basketball
2125,2025-02-03 16:30:56,distance_total,3015.695926,PLAYER_755,Mens Basketball
2126,2025-02-01 23:10:34,distance_total,3543.66196,PLAYER_755,Mens Basketball
2127,2025-02-01 23:10:34,accel_load_accum,526.936065,PLAYER_755,Mens Basketball
2128,2025-01-30 22:10:41,accel_load_accum,697.791513,PLAYER_755,Mens Basketball
2129,2025-01-30 22:10:41,distance_total,4852.252193,PLAYER_755,Mens Basketball
2130,2025-01-29 23:55:05,distance_total,3159.825273,PLAYER_755,Mens Basketball
2131,2025-01-29 23:55:05,accel_load_accum,464.373424,PLAYER_755,Mens Basketball
2132,2025-01-28 15:42:50,accel_load_accum,661.728883,PLAYER_755,Mens Basketball
2133,2025-01-28 15:42:50,distance_total,4868.653023,PLAYER_755,Mens Basketball
2134,2025-01-25 16:10:38,distance_total,4670.356757,PLAYER_755,Mens Basketball
2135,2025-01-25 16:10:38,accel_load_accum,639.649757,PLAYER_755,Mens Basketball
2136,2025-01-24 19:25:21,accel_load_accum,349.56728,PLAYER_755,Mens Basketball
2137,2025-01-24 19:25:21,distance_total,2387.814488,PLAYER_755,Mens Basketball
2138,2025-01-23 23:10:20,distance_total,4397.04173,PLAYER_755,Mens Basketball
2139,2025-01-23 23:10:20,accel_load_accum,598.586614,PLAYER_755,Mens Basketball
2140,2025-01-22 18:28:07,accel_load_accum,497.08523,PLAYER_755,Mens Basketball
2141,2025-01-22 18:28:07,distance_total,3458.366323,PLAYER_755,Mens Basketball
2142,2025-01-21 17:28:18,distance_total,3944.519605,PLAYER_755,Mens Basketball
2143,2025-01-21 17:28:18,accel_load_accum,604.891336,PLAYER_755,Mens Basketball
2144,2025-01-20 18:00:26,accel_load_accum,383.522141,PLAYER_755,Mens Basketball
2145,2025-01-20 18:00:26,distance_total,2620.538243,PLAYER_755,Mens Basketball
2146,2025-01-18 18:00:16,distance_total,4201.36599,PLAYER_755,Mens Basketball
2147,2025-01-18 18:00:16,accel_load_accum,636.237072,PLAYER_755,Mens Basketball
2148,2025-01-16 22:30:13,accel_load_accum,661.264159,PLAYER_755,Mens Basketball
2149,2025-01-16 22:30:13,distance_total,4548.551016,PLAYER_755,Mens Basketball
2150,2025-01-15 22:00:16,distance_total,4245.325346,PLAYER_755,Mens Basketball
2151,2025-01-15 22:00:16,accel_load_accum,615.32832,PLAYER_755,Mens Basketball
2152,2025-01-14 17:59:28,accel_load_accum,795.402223,PLAYER_755,Mens Basketball
2153,2025-01-14 17:59:28,distance_total,5602.303377,PLAYER_755,Mens Basketball
2154,2025-01-13 18:25:50,distance_total,3416.021431,PLAYER_755,Mens Basketball
2155,2025-01-13 18:25:50,accel_load_accum,471.351394,PLAYER_755,Mens Basketball
2156,2025-01-11 23:10:04,accel_load_accum,674.22315,PLAYER_755,Mens Basketball
2157,2025-01-11 23:10:04,distance_total,5063.31038,PLAYER_755,Mens Basketball
2158,2025-01-09 23:10:54,distance_total,3347.68687,PLAYER_755,Mens Basketball
2159,2025-01-09 23:10:54,accel_load_accum,463.703593,PLAYER_755,Mens Basketball
2160,2025-01-08 18:25:40,accel_load_accum,608.895377,PLAYER_755,Mens Basketball
2161,2025-01-08 18:25:40,distance_total,4224.869549,PLAYER_755,Mens Basketball
2162,2025-01-07 18:45:50,distance_total,5083.630612,PLAYER_755,Mens Basketball
2163,2025-01-07 18:45:50,accel_load_accum,763.23148,PLAYER_755,Mens Basketball
2164,2025-01-06 19:05:23,accel_load_accum,214.673155,PLAYER_755,Mens Basketball
2165,2025-01-06 19:05:23,distance_total,1455.851264,PLAYER_755,Mens Basketball
2166,2025-01-06 18:35:07,distance_total,2227.300799,PLAYER_755,Mens Basketball
2167,2025-01-06 18:35:07,accel_load_accum,311.984785,PLAYER_755,Mens Basketball
2168,2025-01-04 16:05:57,accel_load_accum,501.745543,PLAYER_755,Mens Basketball
2169,2025-01-04 16:05:57,distance_total,3483.712932,PLAYER_755,Mens Basketball
2170,2025-01-02 23:10:36,distance_total,3397.417196,PLAYER_755,Mens Basketball
2171,2025-01-02 23:10:36,accel_load_accum,513.139711,PLAYER_755,Mens Basketball
2172,2025-01-01 15:15:31,accel_load_accum,495.034748,PLAYER_755,Mens Basketball
2173,2025-01-01 15:15:31,distance_total,3363.684085,PLAYER_755,Mens Basketball
2174,2024-12-31 18:37:43,distance_total,4650.059651,PLAYER_755,Mens Basketball
2175,2024-12-31 18:37:43,accel_load_accum,722.79348,PLAYER_755,Mens Basketball
2176,2024-12-29 17:55:17,accel_load_accum,592.086328,PLAYER_755,Mens Basketball
2177,2024-12-29 17:55:17,distance_total,4049.501203,PLAYER_755,Mens Basketball
2178,2024-12-27 17:30:59,distance_total,4640.203022,PLAYER_755,Mens Basketball
2179,2024-12-27 17:30:59,accel_load_accum,706.34178,PLAYER_755,Mens Basketball
2180,2024-12-21 17:10:25,accel_load_accum,606.418867,PLAYER_755,Mens Basketball
2181,2024-12-21 17:10:25,distance_total,4194.711743,PLAYER_755,Mens Basketball
2182,2024-12-20 19:55:51,distance_total,212.787446,PLAYER_755,Mens Basketball
2183,2024-12-20 19:55:51,accel_load_accum,52.205581,PLAYER_755,Mens Basketball
2184,2024-12-20 18:43:11,accel_load_accum,439.277486,PLAYER_755,Mens Basketball
2185,2024-12-20 18:43:11,distance_total,3076.537924,PLAYER_755,Mens Basketball
2186,2024-12-19 19:00:29,distance_total,3135.249752,PLAYER_755,Mens Basketball
2187,2024-12-19 19:00:29,accel_load_accum,433.005658,PLAYER_755,Mens Basketball
2188,2024-12-17 23:05:57,accel_load_accum,723.470789,PLAYER_755,Mens Basketball
2189,2024-12-17 23:05:57,distance_total,5013.810725,PLAYER_755,Mens Basketball
2190,2024-12-16 19:27:15,distance_total,3862.608781,PLAYER_755,Mens Basketball
2191,2024-12-16 19:27:15,accel_load_accum,581.315387,PLAYER_755,Mens Basketball
2192,2024-12-14 17:00:00,accel_load_accum,710.066947,PLAYER_755,Mens Basketball
2193,2024-12-14 17:00:00,distance_total,4627.677589,PLAYER_755,Mens Basketball
2194,2024-12-12 15:55:52,distance_total,6110.618158,PLAYER_755,Mens Basketball
2195,2024-12-12 15:55:52,accel_load_accum,869.668443,PLAYER_755,Mens Basketball
2196,2024-12-10 18:00:19,accel_load_accum,805.003299,PLAYER_755,Mens Basketball
2197,2024-12-10 18:00:19,distance_total,5509.937893,PLAYER_755,Mens Basketball
2198,2024-12-09 19:18:21,distance_total,2218.460307,PLAYER_755,Mens Basketball
2199,2024-12-09 19:18:21,accel_load_accum,338.185967,PLAYER_755,Mens Basketball
2200,2024-12-07 19:05:20,accel_load_accum,634.676726,PLAYER_755,Mens Basketball
2201,2024-12-07 19:05:20,distance_total,4117.646199,PLAYER_755,Mens Basketball
2202,2024-12-05 13:30:49,distance_total,5700.600546,PLAYER_755,Mens Basketball
2203,2024-12-05 13:30:49,accel_load_accum,774.053043,PLAYER_755,Mens Basketball
2204,2024-12-03 18:03:02,accel_load_accum,667.716624,PLAYER_755,Mens Basketball
2205,2024-12-03 18:03:02,distance_total,4574.062975,PLAYER_755,Mens Basketball
2206,2024-12-02 19:10:34,distance_total,2094.866264,PLAYER_755,Mens Basketball
2207,2024-12-02 19:10:34,accel_load_accum,330.892774,PLAYER_755,Mens Basketball
2208,2024-12-01 17:05:55,accel_load_accum,669.850243,PLAYER_755,Mens Basketball
2209,2024-12-01 17:05:55,distance_total,4613.508977,PLAYER_755,Mens Basketball
2210,2024-11-30 17:43:55,distance_total,2828.625933,PLAYER_755,Mens Basketball
2211,2024-11-30 17:43:55,accel_load_accum,439.315176,PLAYER_755,Mens Basketball
2212,2024-11-29 18:58:26,accel_load_accum,600.872304,PLAYER_755,Mens Basketball
2213,2024-11-29 18:58:26,distance_total,4017.228026,PLAYER_755,Mens Basketball
2214,2024-11-27 13:10:30,distance_total,3426.692938,PLAYER_755,Mens Basketball
2215,2024-11-27 13:10:30,accel_load_accum,526.284374,PLAYER_755,Mens Basketball
2216,2024-11-25 18:42:16,accel_load_accum,721.678739,PLAYER_755,Mens Basketball
2217,2024-11-25 18:42:16,distance_total,4622.218982,PLAYER_755,Mens Basketball
2218,2024-11-23 23:05:00,distance_total,4786.239449,PLAYER_755,Mens Basketball
2219,2024-11-23 23:05:00,accel_load_accum,658.008616,PLAYER_755,Mens Basketball
2220,2024-11-22 18:40:55,accel_load_accum,735.519987,PLAYER_755,Mens Basketball
2221,2024-11-22 18:40:55,distance_total,4958.467904,PLAYER_755,Mens Basketball
2222,2024-11-22 13:25:05,distance_total,1851.315407,PLAYER_755,Mens Basketball
2223,2024-11-22 13:25:05,accel_load_accum,306.090875,PLAYER_755,Mens Basketball
2224,2024-11-21 19:35:49,accel_load_accum,506.820013,PLAYER_755,Mens Basketball
2225,2024-11-21 19:35:49,distance_total,3440.119831,PLAYER_755,Mens Basketball
2226,2024-11-21 13:34:37,distance_total,1647.225317,PLAYER_755,Mens Basketball
2227,2024-11-21 13:34:37,accel_load_accum,254.378815,PLAYER_755,Mens Basketball
2228,2024-11-20 22:37:11,accel_load_accum,626.243519,PLAYER_755,Mens Basketball
2229,2024-11-20 22:37:11,distance_total,4611.89302,PLAYER_755,Mens Basketball
2230,2024-11-20 19:37:08,distance_total,1882.1553,PLAYER_755,Mens Basketball
2231,2024-11-20 19:37:08,accel_load_accum,305.782943,PLAYER_755,Mens Basketball
2232,2024-11-19 18:58:40,accel_load_accum,722.082791,PLAYER_755,Mens Basketball
2233,2024-11-19 18:58:40,distance_total,5233.506779,PLAYER_755,Mens Basketball
2234,2024-11-18 18:23:13,distance_total,5566.110444,PLAYER_755,Mens Basketball
2235,2024-11-18 18:23:13,accel_load_accum,780.989797,PLAYER_755,Mens Basketball
2236,2024-11-16 22:35:55,accel_load_accum,579.029547,PLAYER_755,Mens Basketball
2237,2024-11-16 22:35:55,distance_total,4315.94419,PLAYER_755,Mens Basketball
2238,2024-11-15 18:29:12,distance_total,5010.279909,PLAYER_755,Mens Basketball
2239,2024-11-15 18:29:12,accel_load_accum,653.692457,PLAYER_755,Mens Basketball
2240,2024-11-14 18:10:48,accel_load_accum,779.605506,PLAYER_755,Mens Basketball
2241,2024-11-14 18:10:48,distance_total,5941.255873,PLAYER_755,Mens Basketball
2242,2024-11-13 18:59:44,distance_total,4961.940917,PLAYER_755,Mens Basketball
2243,2024-11-13 18:59:44,accel_load_accum,678.324824,PLAYER_755,Mens Basketball
2244,2024-11-11 22:45:57,accel_load_accum,603.774775,PLAYER_755,Mens Basketball
2245,2024-11-11 22:45:57,distance_total,4036.587946,PLAYER_755,Mens Basketball
2246,2024-11-10 13:45:35,distance_total,3985.68469,PLAYER_755,Mens Basketball
2247,2024-11-10 13:45:35,accel_load_accum,529.115144,PLAYER_755,Mens Basketball
2248,2024-11-09 18:14:38,accel_load_accum,695.098474,PLAYER_755,Mens Basketball
2249,2024-11-09 18:14:38,distance_total,5121.792964,PLAYER_755,Mens Basketball
2250,2024-11-07 22:40:13,distance_total,2194.149654,PLAYER_755,Mens Basketball
2251,2024-11-07 22:40:13,accel_load_accum,342.921649,PLAYER_755,Mens Basketball
2252,2024-11-05 00:00:11,accel_load_accum,592.888836,PLAYER_755,Mens Basketball
2253,2024-11-05 00:00:11,distance_total,3705.205243,PLAYER_755,Mens Basketball
2254,2024-11-02 16:30:43,distance_total,5225.305494,PLAYER_755,Mens Basketball
2255,2024-11-02 16:30:43,accel_load_accum,752.479283,PLAYER_755,Mens Basketball
2256,2024-11-01 17:10:14,accel_load_accum,748.437962,PLAYER_755,Mens Basketball
2257,2024-11-01 17:10:14,distance_total,5393.900956,PLAYER_755,Mens Basketball
2258,2024-10-30 17:47:31,distance_total,6000.694206,PLAYER_755,Mens Basketball
2259,2024-10-30 17:47:31,accel_load_accum,815.074929,PLAYER_755,Mens Basketball
2260,2024-10-29 17:35:20,accel_load_accum,800.645374,PLAYER_755,Mens Basketball
2261,2024-10-29 17:35:20,distance_total,5583.492834,PLAYER_755,Mens Basketball
2262,2024-10-26 15:15:04,distance_total,2533.332809,PLAYER_755,Mens Basketball
2263,2024-10-26 15:15:04,accel_load_accum,427.179801,PLAYER_755,Mens Basketball
2264,2024-10-25 17:15:55,accel_load_accum,714.011798,PLAYER_755,Mens Basketball
2265,2024-10-25 17:15:55,distance_total,5382.642733,PLAYER_755,Mens Basketball
2266,2024-10-24 17:25:01,distance_total,5031.120855,PLAYER_755,Mens Basketball
2267,2024-10-24 17:25:01,accel_load_accum,701.296538,PLAYER_755,Mens Basketball
2268,2024-10-22 17:26:18,accel_load_accum,581.492666,PLAYER_755,Mens Basketball
2269,2024-10-22 17:26:18,distance_total,3970.186468,PLAYER_755,Mens Basketball
2270,2024-10-21 16:59:32,distance_total,3664.110712,PLAYER_755,Mens Basketball
2271,2024-10-21 16:59:32,accel_load_accum,535.011177,PLAYER_755,Mens Basketball
2272,2024-10-18 22:30:51,accel_load_accum,633.075568,PLAYER_755,Mens Basketball
2273,2024-10-18 22:30:51,distance_total,4319.987269,PLAYER_755,Mens Basketball
2274,2024-10-17 17:21:05,distance_total,4726.480302,PLAYER_755,Mens Basketball
2275,2024-10-17 17:21:05,accel_load_accum,634.21229,PLAYER_755,Mens Basketball
2276,2024-10-16 17:20:12,accel_load_accum,945.039324,PLAYER_755,Mens Basketball
2277,2024-10-16 17:20:12,distance_total,7114.671502,PLAYER_755,Mens Basketball
2278,2024-10-15 17:00:01,distance_total,6502.096063,PLAYER_755,Mens Basketball
2279,2024-10-15 17:00:01,accel_load_accum,893.161777,PLAYER_755,Mens Basketball
2280,2024-10-14 20:27:58,accel_load_accum,514.681019,PLAYER_755,Mens Basketball
2281,2024-10-14 20:27:58,distance_total,3756.632964,PLAYER_755,Mens Basketball
2282,2024-10-10 17:00:58,distance_total,5577.36792,PLAYER_755,Mens Basketball
2283,2024-10-10 17:00:58,accel_load_accum,767.402606,PLAYER_755,Mens Basketball
2284,2024-10-09 16:44:58,accel_load_accum,963.440186,PLAYER_755,Mens Basketball
2285,2024-10-08 17:43:56,accel_load_accum,503.081935,PLAYER_755,Mens Basketball
2286,2024-10-08 17:43:56,distance_total,3527.495124,PLAYER_755,Mens Basketball
2287,2024-10-07 17:42:55,accel_load_accum,834.524902,PLAYER_755,Mens Basketball
2288,2024-10-05 15:01:17,accel_load_accum,660.963409,PLAYER_755,Mens Basketball
2289,2024-10-05 15:01:17,distance_total,4714.802528,PLAYER_755,Mens Basketball
2290,2024-10-04 17:30:11,distance_total,4786.221861,PLAYER_755,Mens Basketball
2291,2024-10-04 17:30:11,accel_load_accum,656.303655,PLAYER_755,Mens Basketball
2292,2024-10-03 17:00:18,accel_load_accum,883.582853,PLAYER_755,Mens Basketball
2293,2024-10-03 17:00:18,distance_total,6532.399957,PLAYER_755,Mens Basketball
2294,2024-10-01 10:58:11,distance_total,5613.691527,PLAYER_755,Mens Basketball
2295,2024-10-01 10:58:11,accel_load_accum,779.295298,PLAYER_755,Mens Basketball
2296,2024-09-30 17:50:06,accel_load_accum,784.529291,PLAYER_755,Mens Basketball
2297,2024-09-30 17:50:06,distance_total,5749.575138,PLAYER_755,Mens Basketball
2298,2024-09-28 14:50:53,distance_total,4612.358575,PLAYER_755,Mens Basketball
2299,2024-09-28 14:50:53,accel_load_accum,641.087922,PLAYER_755,Mens Basketball
2300,2024-09-28 12:40:00,accel_load_accum,13.520946,PLAYER_755,Mens Basketball
2301,2024-09-28 12:40:00,distance_total,40.892694,PLAYER_755,Mens Basketball
2302,2024-09-27 17:37:53,distance_total,4658.253813,PLAYER_755,Mens Basketball
2303,2024-09-27 17:37:53,accel_load_accum,658.166545,PLAYER_755,Mens Basketball
2304,2024-09-26 17:35:52,accel_load_accum,686.995061,PLAYER_755,Mens Basketball
2305,2024-09-26 17:35:52,distance_total,4935.385841,PLAYER_755,Mens Basketball
2306,2024-09-24 16:45:07,distance_total,5686.171575,PLAYER_755,Mens Basketball
2307,2024-09-24 16:45:07,accel_load_accum,856.720745,PLAYER_755,Mens Basketball
2308,2024-09-23 17:10:08,accel_load_accum,824.948422,PLAYER_755,Mens Basketball
2309,2024-09-23 17:10:08,distance_total,6338.551829,PLAYER_755,Mens Basketball
2310,2024-09-18 17:25:14,distance_total,3466.157204,PLAYER_755,Mens Basketball
2311,2024-09-18 17:25:14,accel_load_accum,453.445419,PLAYER_755,Mens Basketball
2312,2024-09-17 17:05:49,accel_load_accum,530.168227,PLAYER_755,Mens Basketball
2313,2024-09-17 17:05:49,distance_total,4165.865789,PLAYER_755,Mens Basketball
2314,2024-09-16 18:10:55,distance_total,3580.380494,PLAYER_755,Mens Basketball
2315,2024-09-16 18:10:55,accel_load_accum,467.995014,PLAYER_755,Mens Basketball
2316,2024-09-13 16:40:13,accel_load_accum,471.060107,PLAYER_755,Mens Basketball
2317,2024-09-13 16:40:13,distance_total,3566.735484,PLAYER_755,Mens Basketball
2318,2024-09-13 15:00:00,distance_total,1441.066339,PLAYER_755,Mens Basketball
2319,2024-09-13 15:00:00,accel_load_accum,185.163593,PLAYER_755,Mens Basketball
2320,2024-09-12 17:25:50,accel_load_accum,410.263823,PLAYER_755,Mens Basketball
2321,2024-09-12 17:25:50,distance_total,3031.766067,PLAYER_755,Mens Basketball
2322,2024-09-11 10:50:25,distance_total,2847.246096,PLAYER_755,Mens Basketball
2323,2024-09-11 10:50:25,accel_load_accum,365.862398,PLAYER_755,Mens Basketball
2324,2024-09-10 17:00:55,accel_load_accum,414.810725,PLAYER_755,Mens Basketball
2325,2024-09-10 17:00:55,distance_total,3246.258671,PLAYER_755,Mens Basketball
2326,2024-09-06 17:00:00,distance_total,2282.4358,PLAYER_755,Mens Basketball
2327,2024-09-06 17:00:00,accel_load_accum,364.044503,PLAYER_755,Mens Basketball
2328,2024-09-05 17:00:29,accel_load_accum,393.636114,PLAYER_755,Mens Basketball
2329,2024-09-05 17:00:29,distance_total,3020.789927,PLAYER_755,Mens Basketball
2330,2024-09-04 11:00:39,distance_total,3830.021849,PLAYER_755,Mens Basketball
2331,2024-09-04 11:00:39,accel_load_accum,484.56627,PLAYER_755,Mens Basketball
2332,2024-09-03 17:00:00,accel_load_accum,321.898542,PLAYER_755,Mens Basketball
2333,2024-09-03 17:00:00,distance_total,2537.2583,PLAYER_755,Mens Basketball
2334,2024-08-30 17:30:10,distance_total,1302.514825,PLAYER_755,Mens Basketball
2335,2024-08-30 17:30:10,accel_load_accum,159.478983,PLAYER_755,Mens Basketball
2336,2024-08-13 11:38:42,leftMaxForce,425.0,PLAYER_755,Men's Basketball
2337,2024-08-13 11:38:42,leftTorque,227.5875,PLAYER_755,Men's Basketball
2338,2024-08-13 11:38:42,rightMaxForce,346.0,PLAYER_755,Men's Basketball
2339,2024-08-13 11:38:42,rightTorque,185.283,PLAYER_755,Men's Basketball
2340,2024-08-12 13:00:06,accel_load_accum,450.613476,PLAYER_755,Mens Basketball
2341,2024-08-12 13:00:06,distance_total,3439.769765,PLAYER_755,Mens Basketball
2342,2024-08-08 17:00:47,distance_total,3611.323329,PLAYER_755,Mens Basketball
2343,2024-08-08 17:00:47,accel_load_accum,439.458835,PLAYER_755,Mens Basketball
2344,2024-08-07 17:00:42,accel_load_accum,459.003677,PLAYER_755,Mens Basketball
2345,2024-08-07 17:00:42,distance_total,3584.591911,PLAYER_755,Mens Basketball
2346,2024-08-06 17:00:25,distance_total,3552.540131,PLAYER_755,Mens Basketball
2347,2024-08-06 17:00:25,accel_load_accum,458.065776,PLAYER_755,Mens Basketball
2348,2024-08-05 17:00:06,accel_load_accum,420.60636,PLAYER_755,Mens Basketball
2349,2024-08-05 17:00:06,distance_total,3274.718015,PLAYER_755,Mens Basketball
2350,2024-08-02 17:00:24,distance_total,3255.413726,PLAYER_755,Mens Basketball
2351,2024-08-02 17:00:24,accel_load_accum,403.366345,PLAYER_755,Mens Basketball
2352,2024-07-26 17:15:49,accel_load_accum,375.235709,PLAYER_755,Mens Basketball
2353,2024-07-26 17:15:49,distance_total,2763.645673,PLAYER_755,Mens Basketball
2354,2024-07-25 17:00:47,distance_total,2852.735534,PLAYER_755,Mens Basketball
2355,2024-07-25 17:00:47,accel_load_accum,375.328869,PLAYER_755,Mens Basketball
2356,2024-07-24 18:00:12,accel_load_accum,331.766687,PLAYER_755,Mens Basketball
2357,2024-07-24 18:00:12,distance_total,2332.131347,PLAYER_755,Mens Basketball
2358,2024-07-22 17:00:05,distance_total,2929.190028,PLAYER_755,Mens Basketball
2359,2024-07-22 17:00:05,accel_load_accum,374.396314,PLAYER_755,Mens Basketball
2360,2024-07-19 17:00:35,accel_load_accum,338.447132,PLAYER_755,Mens Basketball
2361,2024-07-19 17:00:35,distance_total,2375.176142,PLAYER_755,Mens Basketball
2362,2024-07-17 19:15:27,distance_total,2163.822013,PLAYER_755,Mens Basketball
2363,2024-07-17 19:15:27,accel_load_accum,319.795306,PLAYER_755,Mens Basketball
2364,2024-07-12 15:50:16,accel_load_accum,566.686335,PLAYER_755,Mens Basketball
2365,2024-07-12 15:50:16,distance_total,4831.113537,PLAYER_755,Mens Basketball
2366,2024-07-10 16:50:45,distance_total,3686.364926,PLAYER_755,Mens Basketball
2367,2024-07-10 16:50:45,accel_load_accum,508.739554,PLAYER_755,Mens Basketball
2368,2024-07-09 17:00:00,accel_load_accum,402.941718,PLAYER_755,Mens Basketball
2369,2024-07-09 17:00:00,distance_total,3013.949441,PLAYER_755,Mens Basketball
2370,2024-07-08 16:55:05,distance_total,2960.903622,PLAYER_755,Mens Basketball
2371,2024-07-08 16:55:05,accel_load_accum,407.71686,PLAYER_755,Mens Basketball
2372,2024-07-03 17:43:38,leftMaxForce,396.75,PLAYER_755,Men's Basketball
2373,2024-07-03 17:43:38,leftTorque,212.459625,PLAYER_755,Men's Basketball
2374,2024-07-03 17:43:38,rightMaxForce,306.0,PLAYER_755,Men's Basketball
2375,2024-07-03 17:43:38,rightTorque,163.863,PLAYER_755,Men's Basketball
2376,2024-07-03 17:43:24,leftMaxForce,400.5,PLAYER_755,Men's Basketball
2377,2024-07-03 17:43:24,leftTorque,214.46775,PLAYER_755,Men's Basketball
2378,2024-07-03 17:43:24,rightMaxForce,303.5,PLAYER_755,Men's Basketball
2379,2024-07-03 17:43:24,rightTorque,162.52425,PLAYER_755,Men's Basketball
2380,2024-07-01 16:30:00,accel_load_accum,323.519286,PLAYER_755,Mens Basketball
2381,2024-07-01 16:30:00,distance_total,2114.000147,PLAYER_755,Mens Basketball
2382,2024-06-28 15:50:42,distance_total,3591.503964,PLAYER_755,Mens Basketball
2383,2024-06-28 15:50:42,accel_load_accum,470.081466,PLAYER_755,Mens Basketball
2384,2024-06-26 16:30:55,accel_load_accum,308.589301,PLAYER_755,Mens Basketball
2385,2024-06-26 16:30:55,distance_total,2198.498164,PLAYER_755,Mens Basketball
2386,2024-06-25 16:29:17,distance_total,2885.200854,PLAYER_755,Mens Basketball
2387,2024-06-25 16:29:17,accel_load_accum,417.058783,PLAYER_755,Mens Basketball
2388,2024-06-24 17:54:21,leftMaxForce,400.25,PLAYER_755,Men's Basketball
2389,2024-06-24 17:54:21,leftTorque,214.333875,PLAYER_755,Men's Basketball
2390,2024-06-24 17:54:21,rightMaxForce,313.5,PLAYER_755,Men's Basketball
2391,2024-06-24 17:54:21,rightTorque,167.87925,PLAYER_755,Men's Basketball
2392,2024-06-24 16:11:49,accel_load_accum,502.164746,PLAYER_755,Mens Basketball
2393,2024-06-24 16:11:49,distance_total,3655.71517,PLAYER_755,Mens Basketball
2394,2024-04-08 18:40:02,leftMaxForce,386.25,PLAYER_755,Men's Basketball
2395,2024-04-08 18:40:02,leftTorque,210.313125,PLAYER_755,Men's Basketball
2396,2024-04-08 18:40:02,rightMaxForce,310.25,PLAYER_755,Men's Basketball
2397,2024-04-08 18:40:02,rightTorque,168.931125,PLAYER_755,Men's Basketball
2398,2024-03-05 17:01:41,distance_total,5003.177329,PLAYER_755,Mens Basketball
2399,2024-03-05 17:01:41,accel_load_accum,714.166613,PLAYER_755,Mens Basketball
2400,2024-03-04 18:21:46,accel_load_accum,456.210451,PLAYER_755,Mens Basketball
2401,2024-03-04 18:21:46,distance_total,3262.278472,PLAYER_755,Mens Basketball
2402,2024-03-02 17:59:01,distance_total,6592.593198,PLAYER_755,Mens Basketball
2403,2024-03-02 17:59:01,accel_load_accum,906.097237,PLAYER_755,Mens Basketball
2404,2024-02-29 22:30:20,accel_load_accum,4.324333,PLAYER_755,Mens Basketball
2405,2024-02-29 22:30:20,distance_total,19.278316,PLAYER_755,Mens Basketball
2406,2024-02-27 16:34:48,distance_total,6960.104018,PLAYER_755,Mens Basketball
2407,2024-02-27 16:34:48,accel_load_accum,893.452378,PLAYER_755,Mens Basketball
2408,2024-02-24 16:01:48,accel_load_accum,498.54949,PLAYER_755,Mens Basketball
2409,2024-02-24 16:01:48,distance_total,3731.745714,PLAYER_755,Mens Basketball
2410,2024-02-23 18:15:16,distance_total,3628.370933,PLAYER_755,Mens Basketball
2411,2024-02-23 18:15:16,accel_load_accum,486.414264,PLAYER_755,Mens Basketball
2412,2024-02-22 21:31:49,accel_load_accum,646.370155,PLAYER_755,Mens Basketball
2413,2024-02-22 21:31:49,distance_total,4492.526538,PLAYER_755,Mens Basketball
2414,2024-02-21 17:45:08,distance_total,5945.024775,PLAYER_755,Mens Basketball
2415,2024-02-21 17:45:08,accel_load_accum,784.452276,PLAYER_755,Mens Basketball
2416,2024-02-20 17:02:16,accel_load_accum,943.514947,PLAYER_755,Mens Basketball
2417,2024-02-20 17:02:16,distance_total,6715.357106,PLAYER_755,Mens Basketball
2418,2024-02-19 17:07:27,distance_total,3817.38554,PLAYER_755,Mens Basketball
2419,2024-02-19 17:07:27,accel_load_accum,545.630123,PLAYER_755,Mens Basketball
2420,2024-02-17 19:40:29,accel_load_accum,576.304278,PLAYER_755,Mens Basketball
2421,2024-02-17 19:40:29,distance_total,4045.193796,PLAYER_755,Mens Basketball
2422,2024-02-15 22:18:00,distance_total,4245.173982,PLAYER_755,Mens Basketball
2423,2024-02-15 22:18:00,accel_load_accum,574.008471,PLAYER_755,Mens Basketball
2424,2024-02-14 18:10:46,accel_load_accum,848.180047,PLAYER_755,Mens Basketball
2425,2024-02-14 18:10:46,distance_total,6592.939978,PLAYER_755,Mens Basketball
2426,2024-02-13 19:35:00,distance_total,4570.940973,PLAYER_755,Mens Basketball
2427,2024-02-13 19:35:00,accel_load_accum,594.182353,PLAYER_755,Mens Basketball
2428,2024-02-12 18:00:06,accel_load_accum,670.290979,PLAYER_755,Mens Basketball
2429,2024-02-12 18:00:06,distance_total,5067.680864,PLAYER_755,Mens Basketball
2430,2024-02-10 17:31:01,distance_total,4359.311924,PLAYER_755,Mens Basketball
2431,2024-02-10 17:31:01,accel_load_accum,597.742443,PLAYER_755,Mens Basketball
2432,2024-02-08 22:01:39,accel_load_accum,631.177334,PLAYER_755,Mens Basketball
2433,2024-02-08 22:01:39,distance_total,4046.854595,PLAYER_755,Mens Basketball
2434,2024-02-07 13:00:32,distance_total,5650.906257,PLAYER_755,Mens Basketball
2435,2024-02-07 13:00:32,accel_load_accum,738.101665,PLAYER_755,Mens Basketball
2436,2024-02-06 17:30:24,accel_load_accum,809.154458,PLAYER_755,Mens Basketball
2437,2024-02-06 17:30:24,distance_total,5569.284168,PLAYER_755,Mens Basketball
2438,2024-02-05 18:00:18,distance_total,4841.852874,PLAYER_755,Mens Basketball
2439,2024-02-05 18:00:18,accel_load_accum,618.973863,PLAYER_755,Mens Basketball
2440,2024-02-03 21:27:00,accel_load_accum,594.223163,PLAYER_755,Mens Basketball
2441,2024-02-03 21:27:00,distance_total,4330.52721,PLAYER_755,Mens Basketball
2442,2024-02-01 22:26:37,distance_total,3856.95889,PLAYER_755,Mens Basketball
2443,2024-02-01 22:26:37,accel_load_accum,589.693448,PLAYER_755,Mens Basketball
2444,2024-01-31 18:18:24,accel_load_accum,679.722957,PLAYER_755,Mens Basketball
2445,2024-01-31 18:18:24,distance_total,5226.068004,PLAYER_755,Mens Basketball
2446,2024-01-30 17:00:22,distance_total,6500.463228,PLAYER_755,Mens Basketball
2447,2024-01-30 17:00:22,accel_load_accum,900.045802,PLAYER_755,Mens Basketball
2448,2024-01-27 22:00:32,accel_load_accum,143.003757,PLAYER_755,Mens Basketball
2449,2024-01-27 22:00:32,distance_total,635.099312,PLAYER_755,Mens Basketball
2450,2024-01-25 22:07:40,distance_total,4638.439039,PLAYER_755,Mens Basketball
2451,2024-01-25 22:07:40,accel_load_accum,636.314536,PLAYER_755,Mens Basketball
2452,2024-01-24 17:13:38,accel_load_accum,792.549029,PLAYER_755,Mens Basketball
2453,2024-01-24 17:13:38,distance_total,5671.02802,PLAYER_755,Mens Basketball
2454,2024-01-23 00:15:02,distance_total,5047.242009,PLAYER_755,Mens Basketball
2455,2024-01-23 00:15:02,accel_load_accum,729.362072,PLAYER_755,Mens Basketball
2456,2024-01-21 16:12:55,accel_load_accum,751.889163,PLAYER_755,Mens Basketball
2457,2024-01-21 16:12:55,distance_total,5285.487945,PLAYER_755,Mens Basketball
2458,2024-01-20 16:44:20,distance_total,5802.310177,PLAYER_755,Mens Basketball
2459,2024-01-20 16:44:20,accel_load_accum,781.147169,PLAYER_755,Mens Basketball
2460,2024-01-18 22:30:34,accel_load_accum,652.554103,PLAYER_755,Mens Basketball
2461,2024-01-18 22:30:34,distance_total,4636.470539,PLAYER_755,Mens Basketball
2462,2024-01-17 13:30:13,distance_total,4639.749639,PLAYER_755,Mens Basketball
2463,2024-01-17 13:30:13,accel_load_accum,594.298342,PLAYER_755,Mens Basketball
2464,2024-01-16 17:28:49,accel_load_accum,949.770769,PLAYER_755,Mens Basketball
2465,2024-01-16 17:28:49,distance_total,7269.314099,PLAYER_755,Mens Basketball
2466,2024-01-09 17:12:54,distance_total,4469.299807,PLAYER_755,Mens Basketball
2467,2024-01-09 17:12:54,accel_load_accum,609.396177,PLAYER_755,Mens Basketball
2468,2024-01-08 17:08:51,accel_load_accum,624.38838,PLAYER_755,Mens Basketball
2469,2024-01-08 17:08:51,distance_total,4804.079287,PLAYER_755,Mens Basketball
2470,2024-01-06 22:00:32,distance_total,4055.003732,PLAYER_755,Mens Basketball
2471,2024-01-06 22:00:32,accel_load_accum,565.01393,PLAYER_755,Mens Basketball
2472,2024-01-05 19:45:04,accel_load_accum,546.215161,PLAYER_755,Mens Basketball
2473,2024-01-05 19:45:04,distance_total,3892.74208,PLAYER_755,Mens Basketball
2474,2024-01-04 22:24:45,distance_total,3935.598142,PLAYER_755,Mens Basketball
2475,2024-01-04 22:24:45,accel_load_accum,575.443457,PLAYER_755,Mens Basketball
2476,2024-01-03 14:10:19,accel_load_accum,605.225143,PLAYER_755,Mens Basketball
2477,2024-01-03 14:10:19,distance_total,4762.569609,PLAYER_755,Mens Basketball
2478,2024-01-02 14:09:09,distance_total,8407.408703,PLAYER_755,Mens Basketball
2479,2024-01-02 14:09:09,accel_load_accum,1115.637717,PLAYER_755,Mens Basketball
2480,2023-12-31 15:40:58,accel_load_accum,1210.568546,PLAYER_755,Mens Basketball
2481,2023-12-31 15:40:58,distance_total,9256.827734,PLAYER_755,Mens Basketball
2482,2023-12-30 16:30:06,distance_total,3882.633934,PLAYER_755,Mens Basketball
2483,2023-12-30 16:30:06,accel_load_accum,562.449553,PLAYER_755,Mens Basketball
2484,2023-12-29 21:30:37,accel_load_accum,577.030092,PLAYER_755,Mens Basketball
2485,2023-12-29 21:30:37,distance_total,4129.47197,PLAYER_755,Mens Basketball
2486,2023-12-28 15:50:24,distance_total,5579.87546,PLAYER_755,Mens Basketball
2487,2023-12-28 15:50:24,accel_load_accum,753.591861,PLAYER_755,Mens Basketball
2488,2023-12-27 14:12:26,accel_load_accum,1071.657944,PLAYER_755,Mens Basketball
2489,2023-12-27 14:12:26,distance_total,8235.214167,PLAYER_755,Mens Basketball
2490,2023-12-26 21:30:09,distance_total,4947.658068,PLAYER_755,Mens Basketball
2491,2023-12-26 21:30:09,accel_load_accum,639.375607,PLAYER_755,Mens Basketball
2492,2023-12-21 22:00:05,accel_load_accum,717.880299,PLAYER_755,Mens Basketball
2493,2023-12-21 22:00:05,distance_total,4956.031926,PLAYER_755,Mens Basketball
2494,2023-12-20 13:21:15,distance_total,2987.385591,PLAYER_755,Mens Basketball
2495,2023-12-20 13:21:15,accel_load_accum,404.556041,PLAYER_755,Mens Basketball
2496,2023-12-17 16:30:14,accel_load_accum,605.523961,PLAYER_755,Mens Basketball
2497,2023-12-17 16:30:14,distance_total,3760.535396,PLAYER_755,Mens Basketball
2498,2023-12-16 14:14:04,distance_total,6378.789591,PLAYER_755,Mens Basketball
2499,2023-12-16 14:14:04,accel_load_accum,953.413564,PLAYER_755,Mens Basketball
2500,2023-12-15 14:31:32,accel_load_accum,843.795138,PLAYER_755,Mens Basketball
2501,2023-12-15 14:31:32,distance_total,6249.263815,PLAYER_755,Mens Basketball
2502,2023-12-13 22:01:43,distance_total,5305.331279,PLAYER_755,Mens Basketball
2503,2023-12-13 22:01:43,accel_load_accum,761.617425,PLAYER_755,Mens Basketball
2504,2023-12-12 15:38:12,accel_load_accum,891.581254,PLAYER_755,Mens Basketball
2505,2023-12-12 15:38:12,distance_total,6319.747929,PLAYER_755,Mens Basketball
2506,2023-12-11 13:57:00,distance_total,7570.375302,PLAYER_755,Mens Basketball
2507,2023-12-11 13:57:00,accel_load_accum,1038.100205,PLAYER_755,Mens Basketball
2508,2023-12-09 22:04:59,accel_load_accum,891.622203,PLAYER_755,Mens Basketball
2509,2023-12-09 22:04:59,distance_total,6099.842733,PLAYER_755,Mens Basketball
2510,2023-12-07 15:50:09,distance_total,3850.873984,PLAYER_755,Mens Basketball
2511,2023-12-07 15:50:09,accel_load_accum,520.06432,PLAYER_755,Mens Basketball
2512,2023-12-06 21:16:00,accel_load_accum,728.582462,PLAYER_755,Mens Basketball
2513,2023-12-06 21:16:00,distance_total,4977.571816,PLAYER_755,Mens Basketball
2514,2023-12-06 15:30:43,distance_total,803.094033,PLAYER_755,Mens Basketball
2515,2023-12-06 15:30:43,accel_load_accum,128.323838,PLAYER_755,Mens Basketball
2516,2023-12-05 14:52:15,accel_load_accum,819.941724,PLAYER_755,Mens Basketball
2517,2023-12-05 14:52:15,distance_total,6160.055369,PLAYER_755,Mens Basketball
2518,2023-12-04 15:35:28,distance_total,4251.779739,PLAYER_755,Mens Basketball
2519,2023-12-04 15:35:28,accel_load_accum,607.981847,PLAYER_755,Mens Basketball
2520,2023-12-02 18:25:00,accel_load_accum,695.088865,PLAYER_755,Mens Basketball
2521,2023-12-02 18:25:00,distance_total,4583.841784,PLAYER_755,Mens Basketball
2522,2023-12-01 14:20:00,distance_total,4884.984241,PLAYER_755,Mens Basketball
2523,2023-12-01 14:20:00,accel_load_accum,678.788444,PLAYER_755,Mens Basketball
2524,2023-11-30 15:13:06,accel_load_accum,468.142364,PLAYER_755,Mens Basketball
2525,2023-11-30 15:13:06,distance_total,3386.867135,PLAYER_755,Mens Basketball
2526,2023-11-29 22:32:02,distance_total,5206.921635,PLAYER_755,Mens Basketball
2527,2023-11-29 22:32:02,accel_load_accum,765.113351,PLAYER_755,Mens Basketball
2528,2023-11-28 14:38:30,accel_load_accum,610.240858,PLAYER_755,Mens Basketball
2529,2023-11-28 14:38:30,distance_total,4429.809381,PLAYER_755,Mens Basketball
2530,2023-11-27 14:06:00,distance_total,7407.121167,PLAYER_755,Mens Basketball
2531,2023-11-27 14:06:00,accel_load_accum,1006.946254,PLAYER_755,Mens Basketball
2532,2023-11-25 14:39:50,accel_load_accum,843.72525,PLAYER_755,Mens Basketball
2533,2023-11-25 14:39:50,distance_total,6561.189096,PLAYER_755,Mens Basketball
2534,2023-11-24 21:26:09,distance_total,6992.829554,PLAYER_755,Mens Basketball
2535,2023-11-24 21:26:09,accel_load_accum,891.68899,PLAYER_755,Mens Basketball
2536,2023-11-22 12:34:00,accel_load_accum,460.076505,PLAYER_755,Mens Basketball
2537,2023-11-22 12:34:00,distance_total,3430.460931,PLAYER_755,Mens Basketball
2538,2023-11-19 14:45:05,distance_total,3233.114423,PLAYER_755,Mens Basketball
2539,2023-11-19 14:45:05,accel_load_accum,455.643506,PLAYER_755,Mens Basketball
2540,2023-11-18 17:22:34,accel_load_accum,347.510967,PLAYER_755,Mens Basketball
2541,2023-11-18 17:22:34,distance_total,2528.711129,PLAYER_755,Mens Basketball
2542,2023-11-17 14:58:53,distance_total,4201.794984,PLAYER_755,Mens Basketball
2543,2023-11-17 14:58:53,accel_load_accum,573.673019,PLAYER_755,Mens Basketball
2544,2023-11-13 22:21:47,accel_load_accum,6.686259,PLAYER_755,Mens Basketball
2545,2023-11-13 22:21:47,distance_total,0.053532,PLAYER_755,Mens Basketball
2546,2023-11-12 13:08:48,distance_total,5662.726585,PLAYER_755,Mens Basketball
2547,2023-11-12 13:08:48,accel_load_accum,769.61413,PLAYER_755,Mens Basketball
2548,2023-11-12 13:03:47,accel_load_accum,750.232611,PLAYER_755,Mens Basketball
2549,2023-11-12 13:03:47,distance_total,5625.258761,PLAYER_755,Mens Basketball
2550,2023-11-11 16:59:20,distance_total,3661.719347,PLAYER_755,Mens Basketball
2551,2023-11-11 16:59:20,accel_load_accum,469.569865,PLAYER_755,Mens Basketball
2552,2023-11-09 15:22:47,accel_load_accum,510.061686,PLAYER_755,Mens Basketball
2553,2023-11-09 15:22:47,distance_total,4203.868986,PLAYER_755,Mens Basketball
2554,2023-11-06 15:09:38,distance_total,3512.535616,PLAYER_755,Mens Basketball
2555,2023-11-06 15:09:38,accel_load_accum,421.198352,PLAYER_755,Mens Basketball
2556,2023-11-05 15:16:00,accel_load_accum,567.079891,PLAYER_755,Mens Basketball
2557,2023-11-05 15:16:00,distance_total,4342.826246,PLAYER_755,Mens Basketball
2558,2023-11-04 14:10:16,distance_total,4885.256886,PLAYER_755,Mens Basketball
2559,2023-11-04 14:10:16,accel_load_accum,652.946013,PLAYER_755,Mens Basketball
2560,2023-11-02 13:21:05,accel_load_accum,869.985832,PLAYER_755,Mens Basketball
2561,2023-11-02 13:21:05,distance_total,6704.563387,PLAYER_755,Mens Basketball
2562,2023-11-01 13:19:20,distance_total,5365.424285,PLAYER_755,Mens Basketball
2563,2023-11-01 13:19:20,accel_load_accum,753.457519,PLAYER_755,Mens Basketball
2564,2023-10-31 12:45:27,accel_load_accum,850.029758,PLAYER_755,Mens Basketball
2565,2023-10-31 12:45:27,distance_total,6247.133681,PLAYER_755,Mens Basketball
2566,2023-10-28 15:24:30,distance_total,3345.51595,PLAYER_755,Mens Basketball
2567,2023-10-28 15:24:30,accel_load_accum,507.965158,PLAYER_755,Mens Basketball
2568,2023-10-28 15:11:47,accel_load_accum,31.198531,PLAYER_755,Mens Basketball
2569,2023-10-28 15:11:47,distance_total,276.972392,PLAYER_755,Mens Basketball
2570,2023-10-28 14:35:00,distance_total,5029.815279,PLAYER_755,Mens Basketball
2571,2023-10-28 14:35:00,accel_load_accum,793.042665,PLAYER_755,Mens Basketball
2572,2023-10-27 13:10:53,accel_load_accum,860.821769,PLAYER_755,Mens Basketball
2573,2023-10-27 13:10:53,distance_total,6282.004525,PLAYER_755,Mens Basketball
2574,2023-10-26 13:02:31,distance_total,5603.990995,PLAYER_755,Mens Basketball
2575,2023-10-26 13:02:31,accel_load_accum,768.914628,PLAYER_755,Mens Basketball
2576,2023-10-24 13:14:37,accel_load_accum,863.319934,PLAYER_755,Mens Basketball
2577,2023-10-24 13:14:37,distance_total,6318.327924,PLAYER_755,Mens Basketball
2578,2023-10-23 13:05:31,distance_total,4613.220772,PLAYER_755,Mens Basketball
2579,2023-10-23 13:05:31,accel_load_accum,567.156408,PLAYER_755,Mens Basketball
2580,2023-10-20 19:09:21,accel_load_accum,777.254581,PLAYER_755,Mens Basketball
2581,2023-10-20 19:09:21,distance_total,5577.117604,PLAYER_755,Mens Basketball
2582,2023-10-19 13:36:12,distance_total,5907.221307,PLAYER_755,Mens Basketball
2583,2023-10-19 13:36:12,accel_load_accum,835.389822,PLAYER_755,Mens Basketball
2584,2023-10-18 13:37:54,accel_load_accum,698.085508,PLAYER_755,Mens Basketball
2585,2023-10-18 13:37:54,distance_total,4955.72646,PLAYER_755,Mens Basketball
2586,2023-10-18 12:19:30,distance_total,1277.524421,PLAYER_755,Mens Basketball
2587,2023-10-18 12:19:30,accel_load_accum,204.473996,PLAYER_755,Mens Basketball
2588,2023-10-16 12:27:59,accel_load_accum,945.277877,PLAYER_755,Mens Basketball
2589,2023-10-16 12:27:59,distance_total,7098.039472,PLAYER_755,Mens Basketball
2590,2023-10-15 13:20:01,distance_total,5998.948147,PLAYER_755,Mens Basketball
2591,2023-10-15 13:20:01,accel_load_accum,796.236665,PLAYER_755,Mens Basketball
2592,2023-10-13 12:53:29,accel_load_accum,702.476308,PLAYER_755,Mens Basketball
2593,2023-10-13 12:53:29,distance_total,5282.039068,PLAYER_755,Mens Basketball
2594,2023-10-12 12:49:49,distance_total,5750.095136,PLAYER_755,Mens Basketball
2595,2023-10-12 12:49:49,accel_load_accum,790.27666,PLAYER_755,Mens Basketball
2596,2023-10-10 12:47:27,accel_load_accum,792.106575,PLAYER_755,Mens Basketball
2597,2023-10-10 12:47:27,distance_total,6096.185338,PLAYER_755,Mens Basketball
2598,2023-10-09 20:40:57,distance_total,3786.643473,PLAYER_755,Mens Basketball
2599,2023-10-09 20:40:57,accel_load_accum,502.314911,PLAYER_755,Mens Basketball
2600,2023-10-06 11:50:16,accel_load_accum,767.039729,PLAYER_755,Mens Basketball
2601,2023-10-06 11:50:16,distance_total,5812.32159,PLAYER_755,Mens Basketball
2602,2023-10-05 12:15:14,distance_total,6293.445162,PLAYER_755,Mens Basketball
2603,2023-10-05 12:15:14,accel_load_accum,855.12074,PLAYER_755,Mens Basketball
2604,2023-10-03 12:03:21,accel_load_accum,1021.168003,PLAYER_755,Mens Basketball
2605,2023-10-03 12:03:21,distance_total,7475.132959,PLAYER_755,Mens Basketball
2606,2023-10-02 12:14:21,distance_total,5512.60522,PLAYER_755,Mens Basketball
2607,2023-10-02 12:14:21,accel_load_accum,760.9587,PLAYER_755,Mens Basketball
2608,2023-09-30 13:24:37,accel_load_accum,731.877342,PLAYER_755,Mens Basketball
2609,2023-09-30 13:24:37,distance_total,5410.794991,PLAYER_755,Mens Basketball
2610,2023-09-30 13:22:58,distance_total,0.307604,PLAYER_755,Mens Basketball
2611,2023-09-30 13:22:58,accel_load_accum,0.627932,PLAYER_755,Mens Basketball
2612,2023-09-29 12:17:20,accel_load_accum,765.366024,PLAYER_755,Mens Basketball
2613,2023-09-29 12:17:20,distance_total,5665.917935,PLAYER_755,Mens Basketball
2614,2023-09-28 12:09:52,distance_total,5994.579083,PLAYER_755,Mens Basketball
2615,2023-09-28 12:09:52,accel_load_accum,800.675565,PLAYER_755,Mens Basketball
2616,2023-09-26 12:22:37,accel_load_accum,961.072105,PLAYER_755,Mens Basketball
2617,2023-09-26 12:22:37,distance_total,6977.544051,PLAYER_755,Mens Basketball
2618,2023-09-25 12:33:58,distance_total,4916.638403,PLAYER_755,Mens Basketball
2619,2023-09-25 12:33:58,accel_load_accum,692.640091,PLAYER_755,Mens Basketball
2620,2023-09-21 13:50:26,accel_load_accum,385.508416,PLAYER_755,Mens Basketball
2621,2023-09-21 13:50:26,distance_total,2998.800061,PLAYER_755,Mens Basketball
2622,2023-09-20 13:37:30,distance_total,3361.480685,PLAYER_755,Mens Basketball
2623,2023-09-20 13:37:30,accel_load_accum,414.092048,PLAYER_755,Mens Basketball
2624,2023-09-19 13:41:38,accel_load_accum,491.514427,PLAYER_755,Mens Basketball
2625,2023-09-19 13:41:38,distance_total,3269.413877,PLAYER_755,Mens Basketball
2626,2023-09-18 13:45:22,distance_total,3448.378981,PLAYER_755,Mens Basketball
2627,2023-09-18 13:45:22,accel_load_accum,485.74115,PLAYER_755,Mens Basketball
2628,2023-09-15 13:40:45,accel_load_accum,516.434633,PLAYER_755,Mens Basketball
2629,2023-09-15 13:40:45,distance_total,3837.879946,PLAYER_755,Mens Basketball
2630,2023-09-13 13:45:45,distance_total,3183.645992,PLAYER_755,Mens Basketball
2631,2023-09-13 13:45:45,accel_load_accum,445.921072,PLAYER_755,Mens Basketball
2632,2023-09-11 13:50:40,accel_load_accum,337.036917,PLAYER_755,Mens Basketball
2633,2023-09-11 13:50:40,distance_total,2659.542106,PLAYER_755,Mens Basketball
2634,2023-09-08 13:45:51,distance_total,3385.193351,PLAYER_755,Mens Basketball
2635,2023-09-08 13:45:51,accel_load_accum,455.766753,PLAYER_755,Mens Basketball
2636,2023-09-07 13:42:03,accel_load_accum,406.963573,PLAYER_755,Mens Basketball
2637,2023-09-07 13:42:03,distance_total,3122.04436,PLAYER_755,Mens Basketball
2638,2023-09-06 13:45:42,distance_total,3379.766354,PLAYER_755,Mens Basketball
2639,2023-09-06 13:45:42,accel_load_accum,452.663224,PLAYER_755,Mens Basketball
2640,2023-09-05 13:45:30,accel_load_accum,396.959054,PLAYER_755,Mens Basketball
2641,2023-09-05 13:45:30,distance_total,2948.046923,PLAYER_755,Mens Basketball
2642,2023-09-01 14:36:00,leftMaxForce,247.75,PLAYER_755,Men's Basketball
2643,2023-09-01 14:36:00,leftTorque,132.670125,PLAYER_755,Men's Basketball
2644,2023-09-01 14:36:00,rightMaxForce,220.25,PLAYER_755,Men's Basketball
2645,2023-09-01 14:36:00,rightTorque,117.943875,PLAYER_755,Men's Basketball
2646,2023-07-27 16:30:14,distance_total,3624.148883,PLAYER_755,Mens Basketball
2647,2023-07-27 16:30:14,accel_load_accum,463.345697,PLAYER_755,Mens Basketball
2648,2023-07-26 17:11:18,accel_load_accum,431.093641,PLAYER_755,Mens Basketball
2649,2023-07-26 17:11:18,distance_total,3082.863296,PLAYER_755,Mens Basketball
2650,2023-07-25 17:59:51,leftTorque,126.64575,PLAYER_755,Men's Basketball
2651,2023-07-25 17:59:51,rightMaxForce,225.75,PLAYER_755,Men's Basketball
2652,2023-07-25 17:59:51,rightTorque,120.889125,PLAYER_755,Men's Basketball
2653,2023-07-25 17:59:51,leftMaxForce,236.5,PLAYER_755,Men's Basketball
2654,2023-07-25 16:30:58,distance_total,3843.091725,PLAYER_755,Mens Basketball
2655,2023-07-25 16:30:58,accel_load_accum,478.824457,PLAYER_755,Mens Basketball
2656,2023-07-24 16:24:37,accel_load_accum,542.507793,PLAYER_755,Mens Basketball
2657,2023-07-24 16:24:37,distance_total,4262.032995,PLAYER_755,Mens Basketball
2658,2023-07-20 16:30:26,distance_total,3361.815191,PLAYER_755,Mens Basketball
2659,2023-07-20 16:30:26,accel_load_accum,471.914485,PLAYER_755,Mens Basketball
2660,2023-07-19 16:30:33,accel_load_accum,478.187686,PLAYER_755,Mens Basketball
2661,2023-07-19 16:30:33,distance_total,3495.544679,PLAYER_755,Mens Basketball
2662,2023-07-18 16:36:54,distance_total,3484.65122,PLAYER_755,Mens Basketball
2663,2023-07-18 16:36:54,accel_load_accum,438.553601,PLAYER_755,Mens Basketball
2664,2023-07-17 16:30:00,accel_load_accum,562.48083,PLAYER_755,Mens Basketball
2665,2023-07-17 16:30:00,distance_total,4349.56815,PLAYER_755,Mens Basketball
2666,2023-07-13 16:36:24,distance_total,3872.285056,PLAYER_755,Mens Basketball
2667,2023-07-13 16:36:24,accel_load_accum,506.131823,PLAYER_755,Mens Basketball
2668,2023-07-12 16:30:38,accel_load_accum,475.04315,PLAYER_755,Mens Basketball
2669,2023-07-12 16:30:38,distance_total,3562.21513,PLAYER_755,Mens Basketball
2670,2023-07-11 16:35:11,distance_total,4004.718323,PLAYER_755,Mens Basketball
2671,2023-07-11 16:35:11,accel_load_accum,541.745865,PLAYER_755,Mens Basketball
2672,2023-07-10 16:30:00,accel_load_accum,513.937522,PLAYER_755,Mens Basketball
2673,2023-07-10 16:30:00,distance_total,4050.186812,PLAYER_755,Mens Basketball
2674,2023-07-10 12:05:03,leftMaxForce,389.5,PLAYER_755,Men's Basketball
2675,2023-07-10 12:05:03,leftTorque,208.57725,PLAYER_755,Men's Basketball
2676,2023-07-10 12:05:03,rightMaxForce,326.5,PLAYER_755,Men's Basketball
2677,2023-07-10 12:05:03,rightTorque,174.84075,PLAYER_755,Men's Basketball
2678,2023-07-07 16:45:26,distance_total,4844.919186,PLAYER_755,Mens Basketball
2679,2023-07-07 16:45:26,accel_load_accum,561.055576,PLAYER_755,Mens Basketball
2680,2023-07-06 16:45:00,accel_load_accum,435.186262,PLAYER_755,Mens Basketball
2681,2023-07-06 16:45:00,distance_total,3618.96912,PLAYER_755,Mens Basketball
2682,2023-07-05 17:00:00,distance_total,2825.085362,PLAYER_755,Mens Basketball
2683,2023-07-05 17:00:00,accel_load_accum,365.286101,PLAYER_755,Mens Basketball
2684,2023-06-30 14:15:00,accel_load_accum,497.3603,PLAYER_755,Mens Basketball
2685,2023-06-30 14:15:00,distance_total,4056.157973,PLAYER_755,Mens Basketball
2686,2023-06-29 16:40:44,distance_total,2915.73287,PLAYER_755,Mens Basketball
2687,2023-06-29 16:40:44,accel_load_accum,394.639769,PLAYER_755,Mens Basketball
2688,2023-06-28 16:45:00,accel_load_accum,434.384211,PLAYER_755,Mens Basketball
2689,2023-06-28 16:45:00,distance_total,3146.347709,PLAYER_755,Mens Basketball
2690,2023-06-26 17:55:26,leftTorque,221.830875,PLAYER_755,Men's Basketball
2691,2023-06-26 17:55:26,rightMaxForce,322.75,PLAYER_755,Men's Basketball
2692,2023-06-26 17:55:26,rightTorque,172.832625,PLAYER_755,Men's Basketball
2693,2023-06-26 17:55:26,leftMaxForce,414.25,PLAYER_755,Men's Basketball
2694,2023-04-24 17:49:04,leftMaxForce,410.0,PLAYER_755,Men's Basketball
2695,2023-04-24 17:49:04,leftTorque,219.555,PLAYER_755,Men's Basketball
2696,2023-04-24 17:49:04,rightMaxForce,330.25,PLAYER_755,Men's Basketball
2697,2023-04-24 17:49:04,rightTorque,176.848875,PLAYER_755,Men's Basketball
2698,2023-04-06 17:30:00,distance_total,2441.232605,PLAYER_755,Mens Basketball
2699,2023-04-06 17:30:00,accel_load_accum,311.632874,PLAYER_755,Mens Basketball
2700,2023-04-04 17:30:00,accel_load_accum,440.59207,PLAYER_755,Mens Basketball
2701,2023-04-04 17:30:00,distance_total,3480.750443,PLAYER_755,Mens Basketball
2702,2023-03-21 18:34:18,leftTorque,200.678625,PLAYER_755,Men's Basketball
2703,2023-03-21 18:34:18,rightMaxForce,335.75,PLAYER_755,Men's Basketball
2704,2023-03-21 18:34:18,rightTorque,179.794125,PLAYER_755,Men's Basketball
2705,2023-03-21 18:34:18,leftMaxForce,374.75,PLAYER_755,Men's Basketball
2706,2023-03-05 22:00:00,distance_total,3750.233165,PLAYER_755,Mens Basketball
2707,2023-03-05 22:00:00,accel_load_accum,503.261856,PLAYER_755,Mens Basketball
2708,2023-03-04 22:20:20,accel_load_accum,366.432858,PLAYER_755,Mens Basketball
2709,2023-03-04 22:20:20,distance_total,2695.587971,PLAYER_755,Mens Basketball
2710,2023-03-02 14:00:45,distance_total,4118.321738,PLAYER_755,Mens Basketball
2711,2023-03-02 14:00:45,accel_load_accum,525.95565,PLAYER_755,Mens Basketball
2712,2023-02-28 18:19:00,accel_load_accum,635.927695,PLAYER_755,Mens Basketball
2713,2023-02-28 18:19:00,distance_total,5095.023203,PLAYER_755,Mens Basketball
2714,2023-02-27 18:40:00,distance_total,3418.362588,PLAYER_755,Mens Basketball
2715,2023-02-27 18:40:00,accel_load_accum,404.840615,PLAYER_755,Mens Basketball
2716,2023-02-25 16:20:18,accel_load_accum,524.53484,PLAYER_755,Mens Basketball
2717,2023-02-25 16:20:18,distance_total,3826.033943,PLAYER_755,Mens Basketball
2718,2023-02-23 23:03:00,distance_total,2860.251693,PLAYER_755,Mens Basketball
2719,2023-02-23 23:03:00,accel_load_accum,435.402215,PLAYER_755,Mens Basketball
2720,2023-02-22 17:20:00,accel_load_accum,469.811073,PLAYER_755,Mens Basketball
2721,2023-02-22 17:20:00,distance_total,3667.171146,PLAYER_755,Mens Basketball
2722,2023-02-21 18:12:00,distance_total,4211.087137,PLAYER_755,Mens Basketball
2723,2023-02-21 18:12:00,accel_load_accum,510.038538,PLAYER_755,Mens Basketball
2724,2023-02-18 23:09:00,accel_load_accum,244.344374,PLAYER_755,Mens Basketball
2725,2023-02-18 23:09:00,distance_total,1738.695658,PLAYER_755,Mens Basketball
2726,2023-02-16 23:34:48,distance_total,3017.732638,PLAYER_755,Mens Basketball
2727,2023-02-16 23:34:48,accel_load_accum,407.890379,PLAYER_755,Mens Basketball
2728,2023-02-15 18:30:15,accel_load_accum,456.895821,PLAYER_755,Mens Basketball
2729,2023-02-15 18:30:15,distance_total,3726.940391,PLAYER_755,Mens Basketball
2730,2023-02-13 23:18:41,distance_total,4061.003544,PLAYER_755,Mens Basketball
2731,2023-02-13 23:18:41,accel_load_accum,531.111871,PLAYER_755,Mens Basketball
2732,2023-02-11 18:15:00,accel_load_accum,629.034714,PLAYER_755,Mens Basketball
2733,2023-02-11 18:15:00,distance_total,5044.995019,PLAYER_755,Mens Basketball
2734,2023-02-10 18:20:13,distance_total,3966.832668,PLAYER_755,Mens Basketball
2735,2023-02-10 18:20:13,accel_load_accum,540.103339,PLAYER_755,Mens Basketball
2736,2023-02-09 18:45:00,accel_load_accum,440.976937,PLAYER_755,Mens Basketball
2737,2023-02-09 18:45:00,distance_total,3185.217175,PLAYER_755,Mens Basketball
2738,2023-02-08 23:10:19,distance_total,4769.655466,PLAYER_755,Mens Basketball
2739,2023-02-08 23:10:19,accel_load_accum,589.325254,PLAYER_755,Mens Basketball
2740,2023-02-07 18:50:00,accel_load_accum,572.160222,PLAYER_755,Mens Basketball
2741,2023-02-07 18:50:00,distance_total,4412.567129,PLAYER_755,Mens Basketball
2742,2023-02-06 18:52:22,distance_total,3459.826201,PLAYER_755,Mens Basketball
2743,2023-02-06 18:52:22,accel_load_accum,447.796714,PLAYER_755,Mens Basketball
2744,2023-02-04 19:00:00,accel_load_accum,538.645492,PLAYER_755,Mens Basketball
2745,2023-02-04 19:00:00,distance_total,3871.021694,PLAYER_755,Mens Basketball
2746,2023-02-03 19:00:00,distance_total,2180.481832,PLAYER_755,Mens Basketball
2747,2023-02-03 19:00:00,accel_load_accum,300.229524,PLAYER_755,Mens Basketball
2748,2023-02-02 23:10:00,accel_load_accum,599.673497,PLAYER_755,Mens Basketball
2749,2023-02-02 23:10:00,distance_total,4593.203217,PLAYER_755,Mens Basketball
2750,2023-02-01 18:30:00,distance_total,4842.361199,PLAYER_755,Mens Basketball
2751,2023-02-01 18:30:00,accel_load_accum,631.004097,PLAYER_755,Mens Basketball
2752,2023-01-31 18:15:00,accel_load_accum,615.782179,PLAYER_755,Mens Basketball
2753,2023-01-31 18:15:00,distance_total,4856.367343,PLAYER_755,Mens Basketball
2754,2023-01-28 20:20:00,distance_total,4295.449445,PLAYER_755,Mens Basketball
2755,2023-01-28 20:20:00,accel_load_accum,604.019513,PLAYER_755,Mens Basketball
2756,2023-01-26 22:50:00,accel_load_accum,485.778908,PLAYER_755,Mens Basketball
2757,2023-01-26 22:50:00,distance_total,3457.089956,PLAYER_755,Mens Basketball
2758,2023-01-25 15:30:00,distance_total,3586.697669,PLAYER_755,Mens Basketball
2759,2023-01-25 15:30:00,accel_load_accum,420.957089,PLAYER_755,Mens Basketball
2760,2023-01-24 18:40:22,accel_load_accum,511.708457,PLAYER_755,Mens Basketball
2761,2023-01-24 18:40:22,distance_total,4164.20741,PLAYER_755,Mens Basketball
2762,2023-01-21 17:10:41,distance_total,4082.948838,PLAYER_755,Mens Basketball
2763,2023-01-21 17:10:41,accel_load_accum,549.032262,PLAYER_755,Mens Basketball
2764,2023-01-20 18:00:16,accel_load_accum,407.814242,PLAYER_755,Mens Basketball
2765,2023-01-20 18:00:16,distance_total,2885.268807,PLAYER_755,Mens Basketball
2766,2023-01-19 23:15:00,distance_total,4507.477568,PLAYER_755,Mens Basketball
2767,2023-01-19 23:15:00,accel_load_accum,549.414318,PLAYER_755,Mens Basketball
2768,2023-01-18 18:00:38,accel_load_accum,625.529121,PLAYER_755,Mens Basketball
2769,2023-01-18 18:00:38,distance_total,4991.624447,PLAYER_755,Mens Basketball
2770,2023-01-17 18:15:00,distance_total,5285.710296,PLAYER_755,Mens Basketball
2771,2023-01-17 18:15:00,accel_load_accum,689.518182,PLAYER_755,Mens Basketball
2772,2023-01-16 19:10:00,accel_load_accum,372.301108,PLAYER_755,Mens Basketball
2773,2023-01-16 19:10:00,distance_total,3023.202881,PLAYER_755,Mens Basketball
2774,2023-01-14 17:45:10,distance_total,2206.520399,PLAYER_755,Mens Basketball
2775,2023-01-14 17:45:10,accel_load_accum,322.468739,PLAYER_755,Mens Basketball
2776,2023-01-12 23:48:56,accel_load_accum,296.461883,PLAYER_755,Mens Basketball
2777,2023-01-12 23:48:56,distance_total,2158.21446,PLAYER_755,Mens Basketball
2778,2023-01-11 17:50:24,distance_total,5021.111503,PLAYER_755,Mens Basketball
2779,2023-01-11 17:50:24,accel_load_accum,619.810627,PLAYER_755,Mens Basketball
2780,2023-01-10 18:00:00,accel_load_accum,734.925931,PLAYER_755,Mens Basketball
2781,2023-01-10 18:00:00,distance_total,5466.479627,PLAYER_755,Mens Basketball
2782,2023-01-09 19:00:00,distance_total,2557.31208,PLAYER_755,Mens Basketball
2783,2023-01-09 19:00:00,accel_load_accum,309.719231,PLAYER_755,Mens Basketball
2784,2023-01-07 22:45:11,accel_load_accum,324.065785,PLAYER_755,Mens Basketball
2785,2023-01-07 22:45:11,distance_total,2650.345131,PLAYER_755,Mens Basketball
2786,2023-01-06 19:15:09,distance_total,4435.507193,PLAYER_755,Mens Basketball
2787,2023-01-06 19:15:09,accel_load_accum,621.869963,PLAYER_755,Mens Basketball
2788,2023-01-05 22:30:17,accel_load_accum,609.829341,PLAYER_755,Mens Basketball
2789,2023-01-05 22:30:17,distance_total,4230.118437,PLAYER_755,Mens Basketball
2790,2023-01-04 15:00:00,distance_total,4378.499278,PLAYER_755,Mens Basketball
2791,2023-01-04 15:00:00,accel_load_accum,521.312562,PLAYER_755,Mens Basketball
2792,2023-01-03 18:00:00,accel_load_accum,592.400861,PLAYER_755,Mens Basketball
2793,2023-01-03 18:00:00,distance_total,4532.538751,PLAYER_755,Mens Basketball
2794,2023-01-02 13:30:00,distance_total,3709.300138,PLAYER_755,Mens Basketball
2795,2023-01-02 13:30:00,accel_load_accum,413.640962,PLAYER_755,Mens Basketball
2796,2022-12-31 15:31:01,accel_load_accum,546.347934,PLAYER_755,Mens Basketball
2797,2022-12-31 15:31:01,distance_total,3870.03389,PLAYER_755,Mens Basketball
2798,2022-12-30 14:00:00,distance_total,5020.301607,PLAYER_755,Mens Basketball
2799,2022-12-30 14:00:00,accel_load_accum,641.388199,PLAYER_755,Mens Basketball
2800,2022-12-29 18:00:00,accel_load_accum,718.3684,PLAYER_755,Mens Basketball
2801,2022-12-29 18:00:00,distance_total,5574.13997,PLAYER_755,Mens Basketball
2802,2022-12-28 18:10:37,distance_total,4101.140315,PLAYER_755,Mens Basketball
2803,2022-12-28 18:10:37,accel_load_accum,547.124309,PLAYER_755,Mens Basketball
2804,2022-12-27 18:20:00,accel_load_accum,463.290174,PLAYER_755,Mens Basketball
2805,2022-12-27 18:20:00,distance_total,4085.284848,PLAYER_755,Mens Basketball
2806,2022-12-21 13:10:00,distance_total,3584.885632,PLAYER_755,Mens Basketball
2807,2022-12-21 13:10:00,accel_load_accum,427.228675,PLAYER_755,Mens Basketball
2808,2022-12-20 18:30:00,accel_load_accum,406.331145,PLAYER_755,Mens Basketball
2809,2022-12-20 18:30:00,distance_total,2943.484212,PLAYER_755,Mens Basketball
2810,2022-10-29 13:15:00,distance_total,4454.3172,PLAYER_755,Mens Basketball
2811,2022-10-29 13:15:00,accel_load_accum,608.94412,PLAYER_755,Mens Basketball
2812,2022-10-28 17:13:00,accel_load_accum,566.888334,PLAYER_755,Mens Basketball
2813,2022-10-28 17:13:00,distance_total,4378.499395,PLAYER_755,Mens Basketball
2814,2022-10-27 16:51:24,distance_total,6700.351008,PLAYER_755,Mens Basketball
2815,2022-10-27 16:51:24,accel_load_accum,878.906333,PLAYER_755,Mens Basketball
2816,2022-10-25 16:31:54,accel_load_accum,822.198577,PLAYER_755,Mens Basketball
2817,2022-10-25 16:31:54,distance_total,6083.536849,PLAYER_755,Mens Basketball
2818,2022-10-24 16:54:50,distance_total,1515.596328,PLAYER_755,Mens Basketball
2819,2022-10-24 16:54:50,accel_load_accum,225.579186,PLAYER_755,Mens Basketball
2820,2022-10-22 13:17:27,accel_load_accum,529.69498,PLAYER_755,Mens Basketball
2821,2022-10-22 13:17:27,distance_total,3883.211151,PLAYER_755,Mens Basketball
2822,2022-10-21 17:00:00,distance_total,3534.296366,PLAYER_755,Mens Basketball
2823,2022-10-21 17:00:00,accel_load_accum,466.914647,PLAYER_755,Mens Basketball
2824,2022-10-20 17:25:00,accel_load_accum,752.690901,PLAYER_755,Mens Basketball
2825,2022-10-20 17:25:00,distance_total,5835.490769,PLAYER_755,Mens Basketball
2826,2022-10-18 17:26:48,distance_total,7140.742294,PLAYER_755,Mens Basketball
2827,2022-10-18 17:26:48,accel_load_accum,898.127062,PLAYER_755,Mens Basketball
2828,2022-10-17 16:48:49,accel_load_accum,843.576558,PLAYER_755,Mens Basketball
2829,2022-10-17 16:48:49,distance_total,6299.330768,PLAYER_755,Mens Basketball
2830,2022-10-15 17:02:41,distance_total,5375.726385,PLAYER_755,Mens Basketball
2831,2022-10-15 17:02:41,accel_load_accum,703.013169,PLAYER_755,Mens Basketball
2832,2022-10-14 20:23:51,accel_load_accum,671.30102,PLAYER_755,Mens Basketball
2833,2022-10-14 20:23:51,distance_total,5095.202793,PLAYER_755,Mens Basketball
2834,2022-10-12 17:00:00,distance_total,5639.279117,PLAYER_755,Mens Basketball
2835,2022-10-12 17:00:00,accel_load_accum,753.608729,PLAYER_755,Mens Basketball
2836,2022-10-11 16:54:43,accel_load_accum,769.225064,PLAYER_755,Mens Basketball
2837,2022-10-11 16:54:43,distance_total,5787.965709,PLAYER_755,Mens Basketball
2838,2022-10-10 20:00:00,distance_total,3653.116556,PLAYER_755,Mens Basketball
2839,2022-10-10 20:00:00,accel_load_accum,501.801535,PLAYER_755,Mens Basketball
2840,2022-10-06 11:00:05,accel_load_accum,708.389012,PLAYER_755,Mens Basketball
2841,2022-10-06 11:00:05,distance_total,5403.936012,PLAYER_755,Mens Basketball
2842,2022-10-05 17:35:19,distance_total,3298.388525,PLAYER_755,Mens Basketball
2843,2022-10-05 17:35:19,accel_load_accum,450.699412,PLAYER_755,Mens Basketball
2844,2022-10-04 19:11:13,leftMaxForce,330.0,PLAYER_755,Men's Basketball
2845,2022-10-04 19:11:13,leftTorque,176.715,PLAYER_755,Men's Basketball
2846,2022-10-04 19:11:13,rightMaxForce,290.5,PLAYER_755,Men's Basketball
2847,2022-10-04 19:11:13,rightTorque,155.56275,PLAYER_755,Men's Basketball
2848,2022-10-04 17:10:00,accel_load_accum,712.699457,PLAYER_755,Mens Basketball
2849,2022-10-04 17:10:00,distance_total,5850.645844,PLAYER_755,Mens Basketball
2850,2022-10-03 17:30:00,distance_total,5822.441754,PLAYER_755,Mens Basketball
2851,2022-10-03 17:30:00,accel_load_accum,710.43282,PLAYER_755,Mens Basketball
2852,2022-09-30 16:53:45,accel_load_accum,668.674637,PLAYER_755,Mens Basketball
2853,2022-09-30 16:53:45,distance_total,5236.861678,PLAYER_755,Mens Basketball
2854,2022-09-29 17:30:23,distance_total,4118.677019,PLAYER_755,Mens Basketball
2855,2022-09-29 17:30:23,accel_load_accum,525.920464,PLAYER_755,Mens Basketball
2856,2022-09-27 17:27:36,accel_load_accum,677.092557,PLAYER_755,Mens Basketball
2857,2022-09-27 17:27:36,distance_total,5410.314231,PLAYER_755,Mens Basketball
2858,2022-09-26 17:13:40,distance_total,4318.098462,PLAYER_755,Mens Basketball
2859,2022-09-26 17:13:40,accel_load_accum,577.200145,PLAYER_755,Mens Basketball
2860,2022-09-23 18:00:00,accel_load_accum,474.058071,PLAYER_755,Mens Basketball
2861,2022-09-23 18:00:00,distance_total,3643.906328,PLAYER_755,Mens Basketball
2862,2022-09-23 12:48:14,leftTorque,182.471625,PLAYER_755,Men's Basketball
2863,2022-09-23 12:48:14,rightMaxForce,308.0,PLAYER_755,Men's Basketball
2864,2022-09-23 12:48:14,rightTorque,164.934,PLAYER_755,Men's Basketball
2865,2022-09-23 12:48:14,leftMaxForce,340.75,PLAYER_755,Men's Basketball
2866,2022-09-22 17:00:00,distance_total,3000.245552,PLAYER_755,Mens Basketball
2867,2022-09-22 17:00:00,accel_load_accum,395.560014,PLAYER_755,Mens Basketball
2868,2022-09-21 17:06:05,accel_load_accum,447.160878,PLAYER_755,Mens Basketball
2869,2022-09-21 17:06:05,distance_total,3241.522696,PLAYER_755,Mens Basketball
2870,2022-09-19 16:00:00,distance_total,3793.519705,PLAYER_755,Mens Basketball
2871,2022-09-19 16:00:00,accel_load_accum,510.673768,PLAYER_755,Mens Basketball
2872,2022-09-16 11:50:01,accel_load_accum,189.332054,PLAYER_755,Mens Basketball
2873,2022-09-16 11:50:01,distance_total,1612.587725,PLAYER_755,Mens Basketball
2874,2022-09-15 17:00:00,distance_total,3005.128934,PLAYER_755,Mens Basketball
2875,2022-09-15 17:00:00,accel_load_accum,459.453054,PLAYER_755,Mens Basketball
2876,2022-09-14 17:20:00,accel_load_accum,417.766286,PLAYER_755,Mens Basketball
2877,2022-09-14 17:20:00,distance_total,3336.806219,PLAYER_755,Mens Basketball
2878,2022-09-13 17:00:00,distance_total,2537.133841,PLAYER_755,Mens Basketball
2879,2022-09-13 17:00:00,accel_load_accum,313.485695,PLAYER_755,Mens Basketball
2880,2022-09-12 17:00:03,accel_load_accum,368.527953,PLAYER_755,Mens Basketball
2881,2022-09-12 17:00:03,distance_total,2805.794169,PLAYER_755,Mens Basketball
2882,2022-09-09 17:00:00,distance_total,3602.639429,PLAYER_755,Mens Basketball
2883,2022-09-09 17:00:00,accel_load_accum,472.189093,PLAYER_755,Mens Basketball
2884,2022-09-09 12:35:24,leftMaxForce,314.5,PLAYER_755,Men's Basketball
2885,2022-09-09 12:35:24,leftTorque,168.41475,PLAYER_755,Men's Basketball
2886,2022-09-09 12:35:24,rightMaxForce,285.75,PLAYER_755,Men's Basketball
2887,2022-09-09 12:35:24,rightTorque,153.019125,PLAYER_755,Men's Basketball
2888,2022-09-08 17:00:26,accel_load_accum,475.898093,PLAYER_755,Mens Basketball
2889,2022-09-08 17:00:26,distance_total,3596.513124,PLAYER_755,Mens Basketball
2890,2022-09-07 17:00:00,distance_total,3619.070656,PLAYER_755,Mens Basketball
2891,2022-09-07 17:00:00,accel_load_accum,496.031276,PLAYER_755,Mens Basketball
2892,2022-09-06 17:01:59,accel_load_accum,449.154935,PLAYER_755,Mens Basketball
2893,2022-09-06 17:01:59,distance_total,3258.253236,PLAYER_755,Mens Basketball
2894,2022-09-01 17:00:00,distance_total,2969.944899,PLAYER_755,Mens Basketball
2895,2022-09-01 17:00:00,accel_load_accum,393.567274,PLAYER_755,Mens Basketball
2896,2022-08-31 17:00:05,accel_load_accum,416.888868,PLAYER_755,Mens Basketball
2897,2022-08-31 17:00:05,distance_total,3363.326159,PLAYER_755,Mens Basketball
2898,2022-08-30 17:00:00,distance_total,3446.61435,PLAYER_755,Mens Basketball
2899,2022-08-30 17:00:00,accel_load_accum,424.905687,PLAYER_755,Mens Basketball
2900,2022-08-29 17:00:00,accel_load_accum,417.024946,PLAYER_755,Mens Basketball
2901,2022-08-29 17:00:00,distance_total,2960.00518,PLAYER_755,Mens Basketball
2902,2022-08-22 12:32:45,leftTorque,177.652125,PLAYER_755,Men's Basketball
2903,2022-08-22 12:32:45,rightMaxForce,315.0,PLAYER_755,Men's Basketball
2904,2022-08-22 12:32:45,rightTorque,168.6825,PLAYER_755,Men's Basketball
2905,2022-08-22 12:32:45,leftMaxForce,331.75,PLAYER_755,Men's Basketball
2906,2022-08-09 17:15:13,distance_total,3635.718122,PLAYER_755,Mens Basketball
2907,2022-08-09 17:15:13,accel_load_accum,468.872242,PLAYER_755,Mens Basketball
2908,2022-08-08 18:25:06,leftMaxForce,364.0,PLAYER_755,Men's Basketball
2909,2022-08-08 18:25:06,leftTorque,194.922,PLAYER_755,Men's Basketball
2910,2022-08-08 18:25:06,rightMaxForce,302.75,PLAYER_755,Men's Basketball
2911,2022-08-08 18:25:06,rightTorque,162.122625,PLAYER_755,Men's Basketball
2912,2022-08-08 17:00:00,accel_load_accum,416.037755,PLAYER_755,Mens Basketball
2913,2022-08-08 17:00:00,distance_total,3147.750203,PLAYER_755,Mens Basketball
2914,2022-08-04 17:00:41,distance_total,2336.435515,PLAYER_755,Mens Basketball
2915,2022-08-04 17:00:41,accel_load_accum,334.492255,PLAYER_755,Mens Basketball
2916,2022-08-04 17:00:36,accel_load_accum,334.778032,PLAYER_755,Mens Basketball
2917,2022-08-04 17:00:36,distance_total,2339.590028,PLAYER_755,Mens Basketball
2918,2022-08-03 17:00:46,distance_total,4189.052337,PLAYER_755,Mens Basketball
2919,2022-08-03 17:00:46,accel_load_accum,529.889716,PLAYER_755,Mens Basketball
2920,2022-08-02 18:00:00,accel_load_accum,20.696398,PLAYER_755,Mens Basketball
2921,2022-08-02 18:00:00,distance_total,233.51356,PLAYER_755,Mens Basketball
2922,2022-08-01 17:00:00,distance_total,2240.360162,PLAYER_755,Mens Basketball
2923,2022-08-01 17:00:00,accel_load_accum,283.954427,PLAYER_755,Mens Basketball
2924,2022-07-29 16:45:00,accel_load_accum,525.226594,PLAYER_755,Mens Basketball
2925,2022-07-29 16:45:00,distance_total,4006.404066,PLAYER_755,Mens Basketball
2926,2022-07-28 19:20:00,distance_total,4396.245192,PLAYER_755,Mens Basketball
2927,2022-07-28 19:20:00,accel_load_accum,534.946593,PLAYER_755,Mens Basketball
2928,2022-07-26 19:30:00,accel_load_accum,323.409289,PLAYER_755,Mens Basketball
2929,2022-07-26 19:30:00,distance_total,2656.400155,PLAYER_755,Mens Basketball
2930,2022-07-22 14:49:32,leftTorque,118.07775,PLAYER_755,Men's Basketball
2931,2022-07-22 14:49:32,rightMaxForce,244.5,PLAYER_755,Men's Basketball
2932,2022-07-22 14:49:32,rightTorque,130.92975,PLAYER_755,Men's Basketball
2933,2022-07-22 14:49:32,leftMaxForce,220.5,PLAYER_755,Men's Basketball
2934,2022-07-21 11:00:00,distance_total,3204.180278,PLAYER_755,Mens Basketball
2935,2022-07-21 11:00:00,accel_load_accum,415.555241,PLAYER_755,Mens Basketball
2936,2022-07-20 17:00:38,accel_load_accum,468.49732,PLAYER_755,Mens Basketball
2937,2022-07-20 17:00:38,distance_total,3833.345638,PLAYER_755,Mens Basketball
2938,2022-07-19 18:32:53,leftMaxForce,337.5,PLAYER_755,Men's Basketball
2939,2022-07-19 18:32:53,leftTorque,180.73125,PLAYER_755,Men's Basketball
2940,2022-07-19 18:32:53,rightMaxForce,279.75,PLAYER_755,Men's Basketball
2941,2022-07-19 18:32:53,rightTorque,149.806125,PLAYER_755,Men's Basketball
2942,2022-07-19 11:00:30,distance_total,3215.584996,PLAYER_755,Mens Basketball
2943,2022-07-19 11:00:30,accel_load_accum,417.514201,PLAYER_755,Mens Basketball
2944,2022-07-14 16:25:00,accel_load_accum,466.219572,PLAYER_755,Mens Basketball
2945,2022-07-14 16:25:00,distance_total,3766.145812,PLAYER_755,Mens Basketball
2946,2022-07-13 16:10:00,distance_total,910.32148,PLAYER_755,Mens Basketball
2947,2022-07-13 16:10:00,accel_load_accum,127.826938,PLAYER_755,Mens Basketball
2948,2022-07-12 16:30:00,accel_load_accum,486.616727,PLAYER_755,Mens Basketball
2949,2022-07-12 16:30:00,distance_total,3819.761179,PLAYER_755,Mens Basketball
2950,2022-07-11 16:30:00,distance_total,3390.016186,PLAYER_755,Mens Basketball
2951,2022-07-11 16:30:00,accel_load_accum,441.64299,PLAYER_755,Mens Basketball
2952,2022-07-08 16:15:00,accel_load_accum,351.386839,PLAYER_755,Mens Basketball
2953,2022-07-08 16:15:00,distance_total,2498.038037,PLAYER_755,Mens Basketball
2954,2022-07-07 16:30:00,distance_total,3225.979967,PLAYER_755,Mens Basketball
2955,2022-07-07 16:30:00,accel_load_accum,417.98176,PLAYER_755,Mens Basketball
2956,2022-07-06 18:34:05,leftTorque,171.62775,PLAYER_755,Men's Basketball
2957,2022-07-06 18:34:05,rightMaxForce,274.5,PLAYER_755,Men's Basketball
2958,2022-07-06 18:34:05,rightTorque,146.99475,PLAYER_755,Men's Basketball
2959,2022-07-06 18:34:05,leftMaxForce,320.5,PLAYER_755,Men's Basketball
2960,2022-07-06 17:15:09,distance_total,3214.285332,PLAYER_755,Mens Basketball
2961,2022-07-06 17:15:09,accel_load_accum,407.565883,PLAYER_755,Mens Basketball
2962,2022-07-06 16:30:00,accel_load_accum,406.633599,PLAYER_755,Mens Basketball
2963,2022-07-06 16:30:00,distance_total,3201.765947,PLAYER_755,Mens Basketball
